A,Element,Z,N,Parent E(level),Uncertainty,JPi,Decay Mode,Decay Mode Value,Decay Mode Uncertainty,Q Value,Q Value Uncertainty,T1/2 (txt),T1/2 (sec),Gammas Balance,X-Rays Balance,B- Balance,B+ Balance,Conversion Electrons Balance,Auger Electrons Balance,Neutrinos Balance,Recoil Balance,Neutrons Balance, Protons Balance,Alphas Balance,Sum Balance,Q-effective Balance,Missing Energy Balance,Ratio Balance,Daughter,Radiation,Rad subtype,Rad Energy,Uncertainty, EP Energy,Uncertainty,Rad Intensity,Uncertainty,Dose,Uncertainty
9,Li,3,6,0.0,,3/2-,B-,100,,13606.7,19,178.3 MS 4,0.17830000000000001,0,0,5.71E+3 23,0,0,0,6.2E+3 3,0,0,0,0,1.19E+4 3,13606.7 19,1.7E+3 3,13 % 3,9Be,bm,,751.0,94,1797,20,2.70,20,0.0203,15
9,Li,3,6,0.0,,3/2-,B-,100,,13606.7,19,178.3 MS 4,0.17830000000000001,0,0,5.71E+3 23,0,0,0,6.2E+3 3,0,0,0,0,1.19E+4 3,13606.7 19,1.7E+3 3,13 % 3,9Be,bm,,998,11,2325,22,1.10,20,0.0110,20
9,Li,3,6,0.0,,3/2-,B-,100,,13606.7,19,178.3 MS 4,0.17830000000000001,0,0,5.71E+3 23,0,0,0,6.2E+3 3,0,0,0,0,1.19E+4 3,13606.7 19,1.7E+3 3,13 % 3,9Be,bm,,2623,40,5.67E+3,8,1.5,5,0.039,13
9,Li,3,6,0.0,,3/2-,B-,100,,13606.7,19,178.3 MS 4,0.17830000000000001,0,0,5.71E+3 23,0,0,0,6.2E+3 3,0,0,0,0,1.19E+4 3,13606.7 19,1.7E+3 3,13 % 3,9Be,bm,,5180,60,1.083E+4,12,16,3,0.82,16
9,Li,3,6,0.0,,3/2-,B-,100,,13606.7,19,178.3 MS 4,0.17830000000000001,0,0,5.71E+3 23,0,0,0,6.2E+3 3,0,0,0,0,1.19E+4 3,13606.7 19,1.7E+3 3,13 % 3,9Be,bm,,5353.8,12,11177.3,23,30,3,1.59,16
9,Li,3,6,0.0,,3/2-,B-,100,,13606.7,19,178.3 MS 4,0.17830000000000001,0,0,5.71E+3 23,0,0,0,6.2E+3 3,0,0,0,0,1.19E+4 3,13606.7 19,1.7E+3 3,13 % 3,9Be,bm,,6561.93,95,13606.7,19,49.2,9,3.23,6
9,Li,3,6,0.0,,3/2-,B-,100,,13606.7,19,178.3 MS 4,0.17830000000000001,0,0,5.71E+3 23,0,0,0,6.2E+3 3,0,0,0,0,1.19E+4 3,13606.7 19,1.7E+3 3,13 % 3,9Be,bm av,,5.7E+3,3,,,100,4,5.7,4