A,Element,Z,N,Parent E(level),Uncertainty,JPi,Decay Mode,Decay Mode Value,Decay Mode Uncertainty,Q Value,Q Value Uncertainty,T1/2 (txt),T1/2 (sec),Gammas Balance,X-Rays Balance,B- Balance,B+ Balance,Conversion Electrons Balance,Auger Electrons Balance,Neutrinos Balance,Recoil Balance,Neutrons Balance, Protons Balance,Alphas Balance,Sum Balance,Q-effective Balance,Missing Energy Balance,Ratio Balance,Daughter,Radiation,Rad subtype,Rad Energy,Uncertainty, EP Energy,Uncertainty,Rad Intensity,Uncertainty,Dose,Uncertainty
10,C,6,4,0.0,,0+,B+,100,,3648.0,6,19.290 S 12,19.29,1754.88 21,1.0E-7 3,0,807.2 3,0,5.312E-5 6,1085.7 7,0,0,0,0,3647.7 8,3648.0 6,0 AP,0 % AP,10B,g,XR ka1,0.183,,,,3.4E-5,16,6.E-11,3
10,C,6,4,0.0,,0+,B+,100,,3648.0,6,19.290 S 12,19.29,1754.88 21,1.0E-7 3,0,807.2 3,0,5.312E-5 6,1085.7 7,0,0,0,0,3647.7 8,3648.0 6,0 AP,0 % AP,10B,g,XR ka2,0.183,,,,1.8E-5,7,3.2E-11,13
10,C,6,4,0.0,,0+,B+,100,,3648.0,6,19.290 S 12,19.29,1754.88 21,1.0E-7 3,0,807.2 3,0,5.312E-5 6,1085.7 7,0,0,0,0,3647.7 8,3648.0 6,0 AP,0 % AP,10B,g,Annihil.,511.0,,,,199.92,4,,
10,C,6,4,0.0,,0+,B+,100,,3648.0,6,19.290 S 12,19.29,1754.88 21,1.0E-7 3,0,807.2 3,0,5.312E-5 6,1085.7 7,0,0,0,0,3647.7 8,3648.0 6,0 AP,0 % AP,10B,g,,718.353,19,,,100,,0.718353,
10,C,6,4,0.0,,0+,B+,100,,3648.0,6,19.290 S 12,19.29,1754.88 21,1.0E-7 3,0,807.2 3,0,5.312E-5 6,1085.7 7,0,0,0,0,3647.7 8,3648.0 6,0 AP,0 % AP,10B,g,,1021.646,14,,,1.4615,19,0.014931,19
10,C,6,4,0.0,,0+,B+,100,,3648.0,6,19.290 S 12,19.29,1754.88 21,1.0E-7 3,0,807.2 3,0,5.312E-5 6,1085.7 7,0,0,0,0,3647.7 8,3648.0 6,0 AP,0 % AP,10B,e,Auger K,0.17,,,,0.03125,3,5.312E-8,6
10,C,6,4,0.0,,0+,B+,100,,3648.0,6,19.290 S 12,19.29,1754.88 21,1.0E-7 3,0,807.2 3,0,5.312E-5 6,1085.7 7,0,0,0,0,3647.7 8,3648.0 6,0 AP,0 % AP,10B,bp,,353.45,26,886.0,6,1.4601,19,0.005161,8
10,C,6,4,0.0,,0+,B+,100,,3648.0,6,19.290 S 12,19.29,1754.88 21,1.0E-7 3,0,807.2 3,0,5.312E-5 6,1085.7 7,0,0,0,0,3647.7 8,3648.0 6,0 AP,0 % AP,10B,bp,,814.26,28,1907.6,6,98.500,20,0.8020,3
10,C,6,4,0.0,,0+,B+,100,,3648.0,6,19.290 S 12,19.29,1754.88 21,1.0E-7 3,0,807.2 3,0,5.312E-5 6,1085.7 7,0,0,0,0,3647.7 8,3648.0 6,0 AP,0 % AP,10B,bp av,,807.5,4,,,99.960,20,0.8072,4