A,Element,Z,N,Parent E(level),Uncertainty,JPi,Decay Mode,Decay Mode Value,Decay Mode Uncertainty,Q Value,Q Value Uncertainty,T1/2 (txt),T1/2 (sec),Gammas Balance,X-Rays Balance,B- Balance,B+ Balance,Conversion Electrons Balance,Auger Electrons Balance,Neutrinos Balance,Recoil Balance,Neutrons Balance, Protons Balance,Alphas Balance,Sum Balance,Q-effective Balance,Missing Energy Balance,Ratio Balance,Daughter,Radiation,Rad subtype,Rad Energy,Uncertainty, EP Energy,Uncertainty,Rad Intensity,Uncertainty,Dose,Uncertainty
13,O,8,5,0,,(3/2-),B+,100,,17765,10,8.58 MS 5,0.00858,1.02E+3 3,0,0,7.92E+3 22,0,0,8.39E+3 23,0,0,0,0,1.73E+4 3,17765 10,4.E+2 3,2.4 % 18,13N,g,Annihil.,511.0,,,,200,6,,
13,O,8,5,0,,(3/2-),B+,100,,17765,10,8.58 MS 5,0.00858,1.02E+3 3,0,0,7.92E+3 22,0,0,8.39E+3 23,0,0,0,0,1.73E+4 3,17765 10,4.E+2 3,2.4 % 18,13N,bp,,2986,5,6383,10,0.020,10,6.E-4,3
13,O,8,5,0,,(3/2-),B+,100,,17765,10,8.58 MS 5,0.00858,1.02E+3 3,0,0,7.92E+3 22,0,0,8.39E+3 23,0,0,0,0,1.73E+4 3,17765 10,4.E+2 3,2.4 % 18,13N,bp,,3424,7,7267,13,0.16,4,0.0055,14
13,O,8,5,0,,(3/2-),B+,100,,17765,10,8.58 MS 5,0.00858,1.02E+3 3,0,0,7.92E+3 22,0,0,8.39E+3 23,0,0,0,0,1.73E+4 3,17765 10,4.E+2 3,2.4 % 18,13N,bp,,3700,8,7825,15,0.61,14,0.023,5
13,O,8,5,0,,(3/2-),B+,100,,17765,10,8.58 MS 5,0.00858,1.02E+3 3,0,0,7.92E+3 22,0,0,8.39E+3 23,0,0,0,0,1.73E+4 3,17765 10,4.E+2 3,2.4 % 18,13N,bp,,4464,7,9367,13,0.18,9,0.008,4
13,O,8,5,0,,(3/2-),B+,100,,17765,10,8.58 MS 5,0.00858,1.02E+3 3,0,0,7.92E+3 22,0,0,8.39E+3 23,0,0,0,0,1.73E+4 3,17765 10,4.E+2 3,2.4 % 18,13N,bp,,6391,5,13241,10,9.8,20,0.63,13
13,O,8,5,0,,(3/2-),B+,100,,17765,10,8.58 MS 5,0.00858,1.02E+3 3,0,0,7.92E+3 22,0,0,8.39E+3 23,0,0,0,0,1.73E+4 3,17765 10,4.E+2 3,2.4 % 18,13N,bp,,8136,5,16743,10,89.2,22,7.26,18
13,O,8,5,0,,(3/2-),B+,100,,17765,10,8.58 MS 5,0.00858,1.02E+3 3,0,0,7.92E+3 22,0,0,8.39E+3 23,0,0,0,0,1.73E+4 3,17765 10,4.E+2 3,2.4 % 18,13N,bp av,,7.9E+3,3,,,100,3,7.9,4