A,Element,Z,N,Parent E(level),Uncertainty,JPi,Decay Mode,Decay Mode Value,Decay Mode Uncertainty,Q Value,Q Value Uncertainty,T1/2 (txt),T1/2 (sec),Gammas Balance,X-Rays Balance,B- Balance,B+ Balance,Conversion Electrons Balance,Auger Electrons Balance,Neutrinos Balance,Recoil Balance,Neutrons Balance, Protons Balance,Alphas Balance,Sum Balance,Q-effective Balance,Missing Energy Balance,Ratio Balance,Daughter,Radiation,Rad subtype,Rad Energy,Uncertainty, EP Energy,Uncertainty,Rad Intensity,Uncertainty,Dose,Uncertainty
17,F,9,8,0,,5/2+,B+,100,,2760.47,25,64.385 S 53,64.385,1020.69 17,6.0E-6 18,0,738.44 13,0,7.116E-4 11,1001.7 3,0,0,0,0,2760.8 4,2760.47 25,0 AP,0 % AP,17O,g,XR ka1,0.525,,,,8.E-4,3,4.0E-9,16
17,F,9,8,0,,5/2+,B+,100,,2760.47,25,64.385 S 53,64.385,1020.69 17,6.0E-6 18,0,738.44 13,0,7.116E-4 11,1001.7 3,0,0,0,0,2760.8 4,2760.47 25,0 AP,0 % AP,17O,g,XR ka2,0.525,,,,3.9E-4,15,2.0E-9,8
17,F,9,8,0,,5/2+,B+,100,,2760.47,25,64.385 S 53,64.385,1020.69 17,6.0E-6 18,0,738.44 13,0,7.116E-4 11,1001.7 3,0,0,0,0,2760.8 4,2760.47 25,0 AP,0 % AP,17O,g,Annihil.,511.0,,,,199.74,3,,
17,F,9,8,0,,5/2+,B+,100,,2760.47,25,64.385 S 53,64.385,1020.69 17,6.0E-6 18,0,738.44 13,0,7.116E-4 11,1001.7 3,0,0,0,0,2760.8 4,2760.47 25,0 AP,0 % AP,17O,e,Auger K,0.52,,,,0.13684,20,7.116E-7,11
17,F,9,8,0,,5/2+,B+,100,,2760.47,25,64.385 S 53,64.385,1020.69 17,6.0E-6 18,0,738.44 13,0,7.116E-4 11,1001.7 3,0,0,0,0,2760.8 4,2760.47 25,0 AP,0 % AP,17O,bp,,349.16,11,867.7,3,0.017,17,6.E-5,6
17,F,9,8,0,,5/2+,B+,100,,2760.47,25,64.385 S 53,64.385,1020.69 17,6.0E-6 18,0,738.44 13,0,7.116E-4 11,1001.7 3,0,0,0,0,2760.8 4,2760.47 25,0 AP,0 % AP,17O,bp,,739.46,12,1738.47,25,99.8544,15,0.73838,12
17,F,9,8,0,,5/2+,B+,100,,2760.47,25,64.385 S 53,64.385,1020.69 17,6.0E-6 18,0,738.44 13,0,7.116E-4 11,1001.7 3,0,0,0,0,2760.8 4,2760.47 25,0 AP,0 % AP,17O,bp av,,739.39,18,,,99.871,17,0.73844,22