A,Element,Z,N,Parent E(level),Uncertainty,JPi,Decay Mode,Decay Mode Value,Decay Mode Uncertainty,Q Value,Q Value Uncertainty,T1/2 (txt),T1/2 (sec),Gammas Balance,X-Rays Balance,B- Balance,B+ Balance,Conversion Electrons Balance,Auger Electrons Balance,Neutrinos Balance,Recoil Balance,Neutrons Balance, Protons Balance,Alphas Balance,Sum Balance,Q-effective Balance,Missing Energy Balance,Ratio Balance,Daughter,Radiation,Rad subtype,Rad Energy,Uncertainty, EP Energy,Uncertainty,Rad Intensity,Uncertainty,Dose,Uncertainty
22,Na,11,11,0.0,,3+,EC,100,,2843.20,17,2.6018 Y 22,8.210656367999999E7,2193.1 9,0.00142 11,0,194.65 24,0,0.07482 10,455.3 4,0,0,0,0,2843.1 11,2843.20 17,0 AP,0 % AP,22Ne,g,XR ka2,0.848,,,,0.056,6,4.7E-7,5
22,Na,11,11,0.0,,3+,EC,100,,2843.20,17,2.6018 Y 22,8.210656367999999E7,2193.1 9,0.00142 11,0,194.65 24,0,0.07482 10,455.3 4,0,0,0,0,2843.1 11,2843.20 17,0 AP,0 % AP,22Ne,g,XR ka1,0.849,,,,0.111,11,9.4E-7,9
22,Na,11,11,0.0,,3+,EC,100,,2843.20,17,2.6018 Y 22,8.210656367999999E7,2193.1 9,0.00142 11,0,194.65 24,0,0.07482 10,455.3 4,0,0,0,0,2843.1 11,2843.20 17,0 AP,0 % AP,22Ne,g,Annihil.,511.0,,,,179.91,18,,
22,Na,11,11,0.0,,3+,EC,100,,2843.20,17,2.6018 Y 22,8.210656367999999E7,2193.1 9,0.00142 11,0,194.65 24,0,0.07482 10,455.3 4,0,0,0,0,2843.1 11,2843.20 17,0 AP,0 % AP,22Ne,g,,1274.537,7,,,99.940,14,1.27377,18
22,Na,11,11,0.0,,3+,EC,100,,2843.20,17,2.6018 Y 22,8.210656367999999E7,2193.1 9,0.00142 11,0,194.65 24,0,0.07482 10,455.3 4,0,0,0,0,2843.1 11,2843.20 17,0 AP,0 % AP,22Ne,e,Auger K,0.82,,,,9.125,12,7.482E-5,10
22,Na,11,11,0.0,,3+,EC,100,,2843.20,17,2.6018 Y 22,8.210656367999999E7,2193.1 9,0.00142 11,0,194.65 24,0,0.07482 10,455.3 4,0,0,0,0,2843.1 11,2843.20 17,0 AP,0 % AP,22Ne,bp,,216.012,76,546.67,18,89.90,9,0.19419,21
22,Na,11,11,0.0,,3+,EC,100,,2843.20,17,2.6018 Y 22,8.210656367999999E7,2193.1 9,0.00142 11,0,194.65 24,0,0.07482 10,455.3 4,0,0,0,0,2843.1 11,2843.20 17,0 AP,0 % AP,22Ne,bp,,835.46,,1821.20,17,0.055,14,4.6E-4,12
22,Na,11,11,0.0,,3+,EC,100,,2843.20,17,2.6018 Y 22,8.210656367999999E7,2193.1 9,0.00142 11,0,194.65 24,0,0.07482 10,455.3 4,0,0,0,0,2843.1 11,2843.20 17,0 AP,0 % AP,22Ne,bp av,,216.4,3,,,89.96,9,0.1947,4