A,Element,Z,N,Parent E(level),Uncertainty,JPi,Decay Mode,Decay Mode Value,Decay Mode Uncertainty,Q Value,Q Value Uncertainty,T1/2 (txt),T1/2 (sec),Gammas Balance,X-Rays Balance,B- Balance,B+ Balance,Conversion Electrons Balance,Auger Electrons Balance,Neutrinos Balance,Recoil Balance,Neutrons Balance, Protons Balance,Alphas Balance,Sum Balance,Q-effective Balance,Missing Energy Balance,Ratio Balance,Daughter,Radiation,Rad subtype,Rad Energy,Uncertainty, EP Energy,Uncertainty,Rad Intensity,Uncertainty,Dose,Uncertainty
24,Na,11,13,0,,4+,B-,100,,5515.677,21,14.956 H 3,53841.6,4121.6 4,0,554.42 6,0,0,0,836.75 9,0,0,0,0,5512.8 4,5515.677 21,2.9 4,0.053 % 7,24Mg,g,,996.83,10,,,0.00210,20,2.09E-5,20
24,Na,11,13,0,,4+,B-,100,,5515.677,21,14.956 H 3,53841.6,4121.6 4,0,554.42 6,0,0,0,836.75 9,0,0,0,0,5512.8 4,5515.677 21,2.9 4,0.053 % 7,24Mg,g,,1368.625,5,,,99.9940,20,1.36854,3
24,Na,11,13,0,,4+,B-,100,,5515.677,21,14.956 H 3,53841.6,4121.6 4,0,554.42 6,0,0,0,836.75 9,0,0,0,0,5512.8 4,5515.677 21,2.9 4,0.053 % 7,24Mg,g,,2754.008,11,,,99.867,10,2.7503,3
24,Na,11,13,0,,4+,B-,100,,5515.677,21,14.956 H 3,53841.6,4121.6 4,0,554.42 6,0,0,0,836.75 9,0,0,0,0,5512.8 4,5515.677 21,2.9 4,0.053 % 7,24Mg,g,,2871.0,10,,,2.5E-4,4,7.2E-6,11
24,Na,11,13,0,,4+,B-,100,,5515.677,21,14.956 H 3,53841.6,4121.6 4,0,554.42 6,0,0,0,836.75 9,0,0,0,0,5512.8 4,5515.677 21,2.9 4,0.053 % 7,24Mg,g,,3866.15,10,,,0.068,6,0.00263,23
24,Na,11,13,0,,4+,B-,100,,5515.677,21,14.956 H 3,53841.6,4121.6 4,0,554.42 6,0,0,0,836.75 9,0,0,0,0,5512.8 4,5515.677 21,2.9 4,0.053 % 7,24Mg,g,,4238.9,10,,,8.4E-4,10,3.6E-5,4
24,Na,11,13,0,,4+,B-,100,,5515.677,21,14.956 H 3,53841.6,4121.6 4,0,554.42 6,0,0,0,836.75 9,0,0,0,0,5512.8 4,5515.677 21,2.9 4,0.053 % 7,24Mg,bm,,89.985,30,280.47,8,0.070,7,6.3E-5,6
24,Na,11,13,0,,4+,B-,100,,5515.677,21,14.956 H 3,53841.6,4121.6 4,0,554.42 6,0,0,0,836.75 9,0,0,0,0,5512.8 4,5515.677 21,2.9 4,0.053 % 7,24Mg,bm,,555.10,,1392.833,24,99.867,10,0.55436,6
24,Na,11,13,0,,4+,B-,100,,5515.677,21,14.956 H 3,53841.6,4121.6 4,0,554.42 6,0,0,0,836.75 9,0,0,0,0,5512.8 4,5515.677 21,2.9 4,0.053 % 7,24Mg,bm av,,554.77,9,,,99.937,12,0.55442,11