A,Element,Z,N,Parent E(level),Uncertainty,JPi,Decay Mode,Decay Mode Value,Decay Mode Uncertainty,Q Value,Q Value Uncertainty,T1/2 (txt),T1/2 (sec),Gammas Balance,X-Rays Balance,B- Balance,B+ Balance,Conversion Electrons Balance,Auger Electrons Balance,Neutrinos Balance,Recoil Balance,Neutrons Balance, Protons Balance,Alphas Balance,Sum Balance,Q-effective Balance,Missing Energy Balance,Ratio Balance,Daughter,Radiation,Rad subtype,Rad Energy,Uncertainty, EP Energy,Uncertainty,Rad Intensity,Uncertainty,Dose,Uncertainty
24,Al,13,11,425.81,10,1+,IT,69.6,7,,,130.7 MS 13,0.13069999999999998,296.0193,4.3E-5 4,0,0,0.338,9.912E-4 12,0,0,0,0,0,296.357989 4,296 3,0 AP,0 % AP,24Al,g,XR ka2,1.486,,,,9.6E-4,10,1.42E-8,14
24,Al,13,11,425.81,10,1+,IT,69.6,7,,,130.7 MS 13,0.13069999999999998,296.0193,4.3E-5 4,0,0,0.338,9.912E-4 12,0,0,0,0,0,296.357989 4,296 3,0 AP,0 % AP,24Al,g,XR ka1,1.487,,,,0.00193,22,2.9E-8,3
24,Al,13,11,425.81,10,1+,IT,69.6,7,,,130.7 MS 13,0.13069999999999998,296.0193,4.3E-5 4,0,0,0.338,9.912E-4 12,0,0,0,0,0,296.357989 4,296 3,0 AP,0 % AP,24Al,g,XR kb1,1.554,,,,1.15E-5,12,1.79E-10,18
24,Al,13,11,425.81,10,1+,IT,69.6,7,,,130.7 MS 13,0.13069999999999998,296.0193,4.3E-5 4,0,0,0.338,9.912E-4 12,0,0,0,0,0,296.357989 4,296 3,0 AP,0 % AP,24Al,g,XR kb3,1.554,,,,5.9E-6,6,9.1E-11,9
24,Al,13,11,425.81,10,1+,IT,69.6,7,,,130.7 MS 13,0.13069999999999998,296.0193,4.3E-5 4,0,0,0.338,9.912E-4 12,0,0,0,0,0,296.357989 4,296 3,0 AP,0 % AP,24Al,g,,425.8,1,,,69.5,,0.296,
24,Al,13,11,425.81,10,1+,IT,69.6,7,,,130.7 MS 13,0.13069999999999998,296.0193,4.3E-5 4,0,0,0.338,9.912E-4 12,0,0,0,0,0,296.357989 4,296 3,0 AP,0 % AP,24Al,e,Auger K,1.39,,,,0.07131,9,9.912E-7,12
24,Al,13,11,425.81,10,1+,IT,69.6,7,,,130.7 MS 13,0.13069999999999998,296.0193,4.3E-5 4,0,0,0.338,9.912E-4 12,0,0,0,0,0,296.357989 4,296 3,0 AP,0 % AP,24Al,e,CE K,424.24,10,,,0.0742,,3.15E-4,
24,Al,13,11,425.81,10,1+,IT,69.6,7,,,130.7 MS 13,0.13069999999999998,296.0193,4.3E-5 4,0,0,0.338,9.912E-4 12,0,0,0,0,0,296.357989 4,296 3,0 AP,0 % AP,24Al,e,CE L,425.80,10,,,0.00512,,2.18E-5,
24,Al,13,11,425.81,10,1+,IT,69.6,7,,,130.7 MS 13,0.13069999999999998,296.0193,4.3E-5 4,0,0,0.338,9.912E-4 12,0,0,0,0,0,296.357989 4,296 3,0 AP,0 % AP,24Al,e,CE M,425.80,10,,,2.71E-4,,1.154E-6,