A,Element,Z,N,Parent E(level),Uncertainty,JPi,Decay Mode,Decay Mode Value,Decay Mode Uncertainty,Q Value,Q Value Uncertainty,T1/2 (txt),T1/2 (sec),Gammas Balance,X-Rays Balance,B- Balance,B+ Balance,Conversion Electrons Balance,Auger Electrons Balance,Neutrinos Balance,Recoil Balance,Neutrons Balance, Protons Balance,Alphas Balance,Sum Balance,Q-effective Balance,Missing Energy Balance,Ratio Balance,Daughter,Radiation,Rad subtype,Rad Energy,Uncertainty, EP Energy,Uncertainty,Rad Intensity,Uncertainty,Dose,Uncertainty
26,Al,13,13,228.305,13,0+,EC,100,,4004.43,6,6.3460 S 8,6.346,1021.158 9,2.84E-5 21,0,1438.394 13,0,8.638E-4 8,1773.18 6,0,0,0,0,4232.74 7,4232.73 6,0 AP,0 % AP,26Mg,g,XR ka1,1.254,,,,0.00151,15,1.89E-8,19
26,Al,13,13,228.305,13,0+,EC,100,,4004.43,6,6.3460 S 8,6.346,1021.158 9,2.84E-5 21,0,1438.394 13,0,8.638E-4 8,1773.18 6,0,0,0,0,4232.74 7,4232.73 6,0 AP,0 % AP,26Mg,g,XR ka2,1.254,,,,7.5E-4,8,9.5E-9,9
26,Al,13,13,228.305,13,0+,EC,100,,4004.43,6,6.3460 S 8,6.346,1021.158 9,2.84E-5 21,0,1438.394 13,0,8.638E-4 8,1773.18 6,0,0,0,0,4232.74 7,4232.73 6,0 AP,0 % AP,26Mg,g,Annihil.,511.0,,,,199.8352,18,,
26,Al,13,13,228.305,13,0+,EC,100,,4004.43,6,6.3460 S 8,6.346,1021.158 9,2.84E-5 21,0,1438.394 13,0,8.638E-4 8,1773.18 6,0,0,0,0,4232.74 7,4232.73 6,0 AP,0 % AP,26Mg,e,Auger K,1.18,,,,0.07321,7,8.638E-7,8
26,Al,13,13,228.305,13,0+,EC,100,,4004.43,6,6.3460 S 8,6.346,1021.158 9,2.84E-5 21,0,1438.394 13,0,8.638E-4 8,1773.18 6,0,0,0,0,4232.74 7,4232.73 6,0 AP,0 % AP,26Mg,bp,,1439.58,,3210.74,6,99.9176,9,1.438394,13
26,Al,13,13,228.305,13,0+,EC,100,,4004.43,6,6.3460 S 8,6.346,1021.158 9,2.84E-5 21,0,1438.394 13,0,8.638E-4 8,1773.18 6,0,0,0,0,4232.74 7,4232.73 6,0 AP,0 % AP,26Mg,bp av,,1439.580,18,,,99.9176,9,1.438394,22