A,Element,Z,N,Parent E(level),Uncertainty,JPi,Decay Mode,Decay Mode Value,Decay Mode Uncertainty,Q Value,Q Value Uncertainty,T1/2 (txt),T1/2 (sec),Gammas Balance,X-Rays Balance,B- Balance,B+ Balance,Conversion Electrons Balance,Auger Electrons Balance,Neutrinos Balance,Recoil Balance,Neutrons Balance, Protons Balance,Alphas Balance,Sum Balance,Q-effective Balance,Missing Energy Balance,Ratio Balance,Daughter,Radiation,Rad subtype,Rad Energy,Uncertainty, EP Energy,Uncertainty,Rad Intensity,Uncertainty,Dose,Uncertainty
28,S,16,12,0.0,,0+,B+,100,,1.122E4,16,125 MS 10,0.125,1021.26 9,8.3E-5 9,0,1.97E+3 8,0,0.00113 14,2.33E+3 18,0,0,0,0,5.32E+3 19,1.122E+4 16,5.9E+3 3,52.6 % 24,28P,g,XR ka2,2.009,,,,0.00133,21,2.7E-8,4
28,S,16,12,0.0,,0+,B+,100,,1.122E4,16,125 MS 10,0.125,1021.26 9,8.3E-5 9,0,1.97E+3 8,0,0.00113 14,2.33E+3 18,0,0,0,0,5.32E+3 19,1.122E+4 16,5.9E+3 3,52.6 % 24,28P,g,XR ka1,2.01,,,,0.0027,4,5.4E-8,8
28,S,16,12,0.0,,0+,B+,100,,1.122E4,16,125 MS 10,0.125,1021.26 9,8.3E-5 9,0,1.97E+3 8,0,0.00113 14,2.33E+3 18,0,0,0,0,5.32E+3 19,1.122E+4 16,5.9E+3 3,52.6 % 24,28P,g,XR kb1,2.136,,,,7.9E-5,12,1.7E-9,3
28,S,16,12,0.0,,0+,B+,100,,1.122E4,16,125 MS 10,0.125,1021.26 9,8.3E-5 9,0,1.97E+3 8,0,0.00113 14,2.33E+3 18,0,0,0,0,5.32E+3 19,1.122E+4 16,5.9E+3 3,52.6 % 24,28P,g,XR kb3,2.136,,,,4.E-5,4,9.E-10,8
28,S,16,12,0.0,,0+,B+,100,,1.122E4,16,125 MS 10,0.125,1021.26 9,8.3E-5 9,0,1.97E+3 8,0,0.00113 14,2.33E+3 18,0,0,0,0,5.32E+3 19,1.122E+4 16,5.9E+3 3,52.6 % 24,28P,g,Annihil.,511.0,,,,199.856,18,,
28,S,16,12,0.0,,0+,B+,100,,1.122E4,16,125 MS 10,0.125,1021.26 9,8.3E-5 9,0,1.97E+3 8,0,0.00113 14,2.33E+3 18,0,0,0,0,5.32E+3 19,1.122E+4 16,5.9E+3 3,52.6 % 24,28P,e,Auger K,1.85,,,,0.061,7,1.13E-6,14
28,S,16,12,0.0,,0+,B+,100,,1.122E4,16,125 MS 10,0.125,1021.26 9,8.3E-5 9,0,1.97E+3 8,0,0.00113 14,2.33E+3 18,0,0,0,0,5.32E+3 19,1.122E+4 16,5.9E+3 3,52.6 % 24,28P,bp,,1968,78,4.30E+3,16,99.928,9,1.97,8
28,S,16,12,0.0,,0+,B+,100,,1.122E4,16,125 MS 10,0.125,1021.26 9,8.3E-5 9,0,1.97E+3 8,0,0.00113 14,2.33E+3 18,0,0,0,0,5.32E+3 19,1.122E+4 16,5.9E+3 3,52.6 % 24,28P,bp av,,1.97E+3,8,,,99.928,9,1.97,8