A,Element,Z,N,Parent E(level),Uncertainty,JPi,Decay Mode,Decay Mode Value,Decay Mode Uncertainty,Q Value,Q Value Uncertainty,T1/2 (txt),T1/2 (sec),Gammas Balance,X-Rays Balance,B- Balance,B+ Balance,Conversion Electrons Balance,Auger Electrons Balance,Neutrinos Balance,Recoil Balance,Neutrons Balance, Protons Balance,Alphas Balance,Sum Balance,Q-effective Balance,Missing Energy Balance,Ratio Balance,Daughter,Radiation,Rad subtype,Rad Energy,Uncertainty, EP Energy,Uncertainty,Rad Intensity,Uncertainty,Dose,Uncertainty
34,Cl,17,17,146.36,3,3+,IT,44.6,6,,,31.99 M 3,1919.3999999999999,56.0 8,0.0147 10,0,0,9.11 17,0.1241 25,0,0,0,0,0,65.2 8,65.3 9,0 AP,0 % AP,34Cl,g,XR ka2,2.621,,,,0.174,18,4.5E-6,5
34,Cl,17,17,146.36,3,3+,IT,44.6,6,,,31.99 M 3,1919.3999999999999,56.0 8,0.0147 10,0,0,9.11 17,0.1241 25,0,0,0,0,0,65.2 8,65.3 9,0 AP,0 % AP,34Cl,g,XR ka1,2.622,,,,0.35,4,9.3E-6,9
34,Cl,17,17,146.36,3,3+,IT,44.6,6,,,31.99 M 3,1919.3999999999999,56.0 8,0.0147 10,0,0,9.11 17,0.1241 25,0,0,0,0,0,65.2 8,65.3 9,0 AP,0 % AP,34Cl,g,XR kb1,2.816,,,,0.0220,24,6.2E-7,7
34,Cl,17,17,146.36,3,3+,IT,44.6,6,,,31.99 M 3,1919.3999999999999,56.0 8,0.0147 10,0,0,9.11 17,0.1241 25,0,0,0,0,0,65.2 8,65.3 9,0 AP,0 % AP,34Cl,g,XR kb3,2.816,,,,0.0111,12,3.1E-7,3
34,Cl,17,17,146.36,3,3+,IT,44.6,6,,,31.99 M 3,1919.3999999999999,56.0 8,0.0147 10,0,0,9.11 17,0.1241 25,0,0,0,0,0,65.2 8,65.3 9,0 AP,0 % AP,34Cl,g,,146.36,3,,,38.3,5,0.0560,8
34,Cl,17,17,146.36,3,3+,IT,44.6,6,,,31.99 M 3,1919.3999999999999,56.0 8,0.0147 10,0,0,9.11 17,0.1241 25,0,0,0,0,0,65.2 8,65.3 9,0 AP,0 % AP,34Cl,e,Auger K,2.38,,,,5.21,10,1.241E-4,25
34,Cl,17,17,146.36,3,3+,IT,44.6,6,,,31.99 M 3,1919.3999999999999,56.0 8,0.0147 10,0,0,9.11 17,0.1241 25,0,0,0,0,0,65.2 8,65.3 9,0 AP,0 % AP,34Cl,e,CE K,143.54,3,,,5.79,12,0.00830,17
34,Cl,17,17,146.36,3,3+,IT,44.6,6,,,31.99 M 3,1919.3999999999999,56.0 8,0.0147 10,0,0,9.11 17,0.1241 25,0,0,0,0,0,65.2 8,65.3 9,0 AP,0 % AP,34Cl,e,CE L,146.09,3,,,0.506,10,7.39E-4,15
34,Cl,17,17,146.36,3,3+,IT,44.6,6,,,31.99 M 3,1919.3999999999999,56.0 8,0.0147 10,0,0,9.11 17,0.1241 25,0,0,0,0,0,65.2 8,65.3 9,0 AP,0 % AP,34Cl,e,CE M,146.36,3,,,0.0457,9,6.69E-5,13