A,Element,Z,N,Parent E(level),Uncertainty,JPi,Decay Mode,Decay Mode Value,Decay Mode Uncertainty,Q Value,Q Value Uncertainty,T1/2 (txt),T1/2 (sec),Gammas Balance,X-Rays Balance,B- Balance,B+ Balance,Conversion Electrons Balance,Auger Electrons Balance,Neutrinos Balance,Recoil Balance,Neutrons Balance, Protons Balance,Alphas Balance,Sum Balance,Q-effective Balance,Missing Energy Balance,Ratio Balance,Daughter,Radiation,Rad subtype,Rad Energy,Uncertainty, EP Energy,Uncertainty,Rad Intensity,Uncertainty,Dose,Uncertainty
34,Cl,17,17,0,,0+,EC,100,,5491.634,43,1.5266 S 4,1.5266,1021.191 8,1.30E-4 9,0,2050.554 16,0,0.001389 3,2419.89 5,0,0,0,0,5491.63 5,5491.63 4,0 AP,0 % AP,34S,g,XR ka2,2.307,,,,0.00178,18,4.1E-8,4
34,Cl,17,17,0,,0+,EC,100,,5491.634,43,1.5266 S 4,1.5266,1021.191 8,1.30E-4 9,0,2050.554 16,0,0.001389 3,2419.89 5,0,0,0,0,5491.63 5,5491.63 4,0 AP,0 % AP,34S,g,XR ka1,2.308,,,,0.0036,4,8.3E-8,8
34,Cl,17,17,0,,0+,EC,100,,5491.634,43,1.5266 S 4,1.5266,1021.191 8,1.30E-4 9,0,2050.554 16,0,0.001389 3,2419.89 5,0,0,0,0,5491.63 5,5491.63 4,0 AP,0 % AP,34S,g,XR kb1,2.464,,,,1.64E-4,16,4.0E-9,4
34,Cl,17,17,0,,0+,EC,100,,5491.634,43,1.5266 S 4,1.5266,1021.191 8,1.30E-4 9,0,2050.554 16,0,0.001389 3,2419.89 5,0,0,0,0,5491.63 5,5491.63 4,0 AP,0 % AP,34S,g,XR kb3,2.464,,,,8.3E-5,9,2.05E-9,21
34,Cl,17,17,0,,0+,EC,100,,5491.634,43,1.5266 S 4,1.5266,1021.191 8,1.30E-4 9,0,2050.554 16,0,0.001389 3,2419.89 5,0,0,0,0,5491.63 5,5491.63 4,0 AP,0 % AP,34S,g,Annihil.,511.0,,,,199.8416,16,,
34,Cl,17,17,0,,0+,EC,100,,5491.634,43,1.5266 S 4,1.5266,1021.191 8,1.30E-4 9,0,2050.554 16,0,0.001389 3,2419.89 5,0,0,0,0,5491.63 5,5491.63 4,0 AP,0 % AP,34S,e,Auger K,2.11,,,,0.06585,14,1.389E-6,3
34,Cl,17,17,0,,0+,EC,100,,5491.634,43,1.5266 S 4,1.5266,1021.191 8,1.30E-4 9,0,2050.554 16,0,0.001389 3,2419.89 5,0,0,0,0,5491.63 5,5491.63 4,0 AP,0 % AP,34S,bp,,2052.18,,4469.64,4,99.9208,8,2.050555,16
34,Cl,17,17,0,,0+,EC,100,,5491.634,43,1.5266 S 4,1.5266,1021.191 8,1.30E-4 9,0,2050.554 16,0,0.001389 3,2419.89 5,0,0,0,0,5491.63 5,5491.63 4,0 AP,0 % AP,34S,bp av,,2052.180,23,,,99.9208,8,2.05055,3