A,Element,Z,N,Parent E(level),Uncertainty,JPi,Decay Mode,Decay Mode Value,Decay Mode Uncertainty,Q Value,Q Value Uncertainty,T1/2 (txt),T1/2 (sec),Gammas Balance,X-Rays Balance,B- Balance,B+ Balance,Conversion Electrons Balance,Auger Electrons Balance,Neutrinos Balance,Recoil Balance,Neutrons Balance, Protons Balance,Alphas Balance,Sum Balance,Q-effective Balance,Missing Energy Balance,Ratio Balance,Daughter,Radiation,Rad subtype,Rad Energy,Uncertainty, EP Energy,Uncertainty,Rad Intensity,Uncertainty,Dose,Uncertainty
36,Cl,17,19,0,,2+,EC,1.90,10,1142.14,19,3.01E+5 Y 2,9.4988376E12,0.143 13,0.0031 3,0,0.0070 6,0,0.0331 25,21.5 15,0,0,0,0,21.7 15,21.7 11,0 AP,0 % AP,36S,g,XR ka2,2.307,,,,0.042,5,9.8E-7,12
36,Cl,17,19,0,,2+,EC,1.90,10,1142.14,19,3.01E+5 Y 2,9.4988376E12,0.143 13,0.0031 3,0,0.0070 6,0,0.0331 25,21.5 15,0,0,0,0,21.7 15,21.7 11,0 AP,0 % AP,36S,g,XR ka1,2.308,,,,0.085,11,1.97E-6,25
36,Cl,17,19,0,,2+,EC,1.90,10,1142.14,19,3.01E+5 Y 2,9.4988376E12,0.143 13,0.0031 3,0,0.0070 6,0,0.0331 25,21.5 15,0,0,0,0,21.7 15,21.7 11,0 AP,0 % AP,36S,g,XR kb1,2.464,,,,0.0039,5,9.6E-8,12
36,Cl,17,19,0,,2+,EC,1.90,10,1142.14,19,3.01E+5 Y 2,9.4988376E12,0.143 13,0.0031 3,0,0.0070 6,0,0.0331 25,21.5 15,0,0,0,0,21.7 15,21.7 11,0 AP,0 % AP,36S,g,XR kb3,2.464,,,,0.0020,3,4.9E-8,6
36,Cl,17,19,0,,2+,EC,1.90,10,1142.14,19,3.01E+5 Y 2,9.4988376E12,0.143 13,0.0031 3,0,0.0070 6,0,0.0331 25,21.5 15,0,0,0,0,21.7 15,21.7 11,0 AP,0 % AP,36S,g,Annihil.,511.0,,,,0.0280,25,,
36,Cl,17,19,0,,2+,EC,1.90,10,1142.14,19,3.01E+5 Y 2,9.4988376E12,0.143 13,0.0031 3,0,0.0070 6,0,0.0331 25,21.5 15,0,0,0,0,21.7 15,21.7 11,0 AP,0 % AP,36S,e,Auger K,2.11,,,,1.57,12,3.31E-5,25
36,Cl,17,19,0,,2+,EC,1.90,10,1142.14,19,3.01E+5 Y 2,9.4988376E12,0.143 13,0.0031 3,0,0.0070 6,0,0.0331 25,21.5 15,0,0,0,0,21.7 15,21.7 11,0 AP,0 % AP,36S,bp,,50.24,10,120.14,19,0.0140,12,7.0E-6,6
36,Cl,17,19,0,,2+,EC,1.90,10,1142.14,19,3.01E+5 Y 2,9.4988376E12,0.143 13,0.0031 3,0,0.0070 6,0,0.0331 25,21.5 15,0,0,0,0,21.7 15,21.7 11,0 AP,0 % AP,36S,bp av,,50,6,,,0.0140,12,7.0E-6,11