A,Element,Z,N,Parent E(level),Uncertainty,JPi,Decay Mode,Decay Mode Value,Decay Mode Uncertainty,Q Value,Q Value Uncertainty,T1/2 (txt),T1/2 (sec),Gammas Balance,X-Rays Balance,B- Balance,B+ Balance,Conversion Electrons Balance,Auger Electrons Balance,Neutrinos Balance,Recoil Balance,Neutrons Balance, Protons Balance,Alphas Balance,Sum Balance,Q-effective Balance,Missing Energy Balance,Ratio Balance,Daughter,Radiation,Rad subtype,Rad Energy,Uncertainty, EP Energy,Uncertainty,Rad Intensity,Uncertainty,Dose,Uncertainty
38,K,19,19,130.22,16,0+,EC,99.967,4,5914.07,4,924.4 MS 3,0.9244,1020.80 6,2.64E-4 18,0,2320.33 13,0,0.001764 6,2701.14 22,0,0,0,0,6042.3 3,6042.3 3,0 AP,0 % AP,38Ar,g,XR ka2,2.955,,,,0.0027,3,8.0E-8,9
38,K,19,19,130.22,16,0+,EC,99.967,4,5914.07,4,924.4 MS 3,0.9244,1020.80 6,2.64E-4 18,0,2320.33 13,0,0.001764 6,2701.14 22,0,0,0,0,6042.3 3,6042.3 3,0 AP,0 % AP,38Ar,g,XR ka1,2.957,,,,0.0055,5,1.63E-7,16
38,K,19,19,130.22,16,0+,EC,99.967,4,5914.07,4,924.4 MS 3,0.9244,1020.80 6,2.64E-4 18,0,2320.33 13,0,0.001764 6,2701.14 22,0,0,0,0,6042.3 3,6042.3 3,0 AP,0 % AP,38Ar,g,XR kb1,3.19,,,,4.4E-4,5,1.39E-8,14
38,K,19,19,130.22,16,0+,EC,99.967,4,5914.07,4,924.4 MS 3,0.9244,1020.80 6,2.64E-4 18,0,2320.33 13,0,0.001764 6,2701.14 22,0,0,0,0,6042.3 3,6042.3 3,0 AP,0 % AP,38Ar,g,XR kb3,3.19,,,,2.26E-4,23,7.2E-9,7
38,K,19,19,130.22,16,0+,EC,99.967,4,5914.07,4,924.4 MS 3,0.9244,1020.80 6,2.64E-4 18,0,2320.33 13,0,0.001764 6,2701.14 22,0,0,0,0,6042.3 3,6042.3 3,0 AP,0 % AP,38Ar,g,Annihil.,511.0,,,,199.766,11,,
38,K,19,19,130.22,16,0+,EC,99.967,4,5914.07,4,924.4 MS 3,0.9244,1020.80 6,2.64E-4 18,0,2320.33 13,0,0.001764 6,2701.14 22,0,0,0,0,6042.3 3,6042.3 3,0 AP,0 % AP,38Ar,e,Auger K,2.66,,,,0.06633,21,1.764E-6,6
38,K,19,19,130.22,16,0+,EC,99.967,4,5914.07,4,924.4 MS 3,0.9244,1020.80 6,2.64E-4 18,0,2320.33 13,0,0.001764 6,2701.14 22,0,0,0,0,6042.3 3,6042.3 3,0 AP,0 % AP,38Ar,bp,,2323.05,,5022.29,16,99.883,6,2.32033,13
38,K,19,19,130.22,16,0+,EC,99.967,4,5914.07,4,924.4 MS 3,0.9244,1020.80 6,2.64E-4 18,0,2320.33 13,0,0.001764 6,2701.14 22,0,0,0,0,6042.3 3,6042.3 3,0 AP,0 % AP,38Ar,bp av,,2323.05,19,,,99.883,6,2.32033,23