A,Element,Z,N,Parent E(level),Uncertainty,JPi,Decay Mode,Decay Mode Value,Decay Mode Uncertainty,Q Value,Q Value Uncertainty,T1/2 (txt),T1/2 (sec),Gammas Balance,X-Rays Balance,B- Balance,B+ Balance,Conversion Electrons Balance,Auger Electrons Balance,Neutrinos Balance,Recoil Balance,Neutrons Balance, Protons Balance,Alphas Balance,Sum Balance,Q-effective Balance,Missing Energy Balance,Ratio Balance,Daughter,Radiation,Rad subtype,Rad Energy,Uncertainty, EP Energy,Uncertainty,Rad Intensity,Uncertainty,Dose,Uncertainty
40,K,19,21,0,,4-,EC,10.72,11,1504.40,6,1.248E+9 Y 3,3.93838848E16,155.8 25,0.0285 20,0,0.0020 3,0,0.1906 21,4.77 6,0,0,0,0,160.8 25,161.3 17,0 AP,0 % AP,40Ar,g,XR ka2,2.955,,,,0.29,3,8.7E-6,10
40,K,19,21,0,,4-,EC,10.72,11,1504.40,6,1.248E+9 Y 3,3.93838848E16,155.8 25,0.0285 20,0,0.0020 3,0,0.1906 21,4.77 6,0,0,0,0,160.8 25,161.3 17,0 AP,0 % AP,40Ar,g,XR ka1,2.957,,,,0.59,6,1.76E-5,17
40,K,19,21,0,,4-,EC,10.72,11,1504.40,6,1.248E+9 Y 3,3.93838848E16,155.8 25,0.0285 20,0,0.0020 3,0,0.1906 21,4.77 6,0,0,0,0,160.8 25,161.3 17,0 AP,0 % AP,40Ar,g,XR kb1,3.19,,,,0.047,5,1.51E-6,16
40,K,19,21,0,,4-,EC,10.72,11,1504.40,6,1.248E+9 Y 3,3.93838848E16,155.8 25,0.0285 20,0,0.0020 3,0,0.1906 21,4.77 6,0,0,0,0,160.8 25,161.3 17,0 AP,0 % AP,40Ar,g,XR kb3,3.19,,,,0.0244,25,7.8E-7,8
40,K,19,21,0,,4-,EC,10.72,11,1504.40,6,1.248E+9 Y 3,3.93838848E16,155.8 25,0.0285 20,0,0.0020 3,0,0.1906 21,4.77 6,0,0,0,0,160.8 25,161.3 17,0 AP,0 % AP,40Ar,g,Annihil.,511.0,,,,0.0020,3,,
40,K,19,21,0,,4-,EC,10.72,11,1504.40,6,1.248E+9 Y 3,3.93838848E16,155.8 25,0.0285 20,0,0.0020 3,0,0.1906 21,4.77 6,0,0,0,0,160.8 25,161.3 17,0 AP,0 % AP,40Ar,g,,1460.820,5,,,10.66,17,0.1558,25
40,K,19,21,0,,4-,EC,10.72,11,1504.40,6,1.248E+9 Y 3,3.93838848E16,155.8 25,0.0285 20,0,0.0020 3,0,0.1906 21,4.77 6,0,0,0,0,160.8 25,161.3 17,0 AP,0 % AP,40Ar,e,Auger K,2.66,,,,7.17,8,1.906E-4,21
40,K,19,21,0,,4-,EC,10.72,11,1504.40,6,1.248E+9 Y 3,3.93838848E16,155.8 25,0.0285 20,0,0.0020 3,0,0.1906 21,4.77 6,0,0,0,0,160.8 25,161.3 17,0 AP,0 % AP,40Ar,bp,,197.325,25,482.40,6,1.00E-3,13,2.0E-6,3
40,K,19,21,0,,4-,EC,10.72,11,1504.40,6,1.248E+9 Y 3,3.93838848E16,155.8 25,0.0285 20,0,0.0020 3,0,0.1906 21,4.77 6,0,0,0,0,160.8 25,161.3 17,0 AP,0 % AP,40Ar,bp av,,2.0E+2,4,,,1.00E-3,13,2.0E-6,4