A,Element,Z,N,Parent E(level),Uncertainty,JPi,Decay Mode,Decay Mode Value,Decay Mode Uncertainty,Q Value,Q Value Uncertainty,T1/2 (txt),T1/2 (sec),Gammas Balance,X-Rays Balance,B- Balance,B+ Balance,Conversion Electrons Balance,Auger Electrons Balance,Neutrinos Balance,Recoil Balance,Neutrons Balance, Protons Balance,Alphas Balance,Sum Balance,Q-effective Balance,Missing Energy Balance,Ratio Balance,Daughter,Radiation,Rad subtype,Rad Energy,Uncertainty, EP Energy,Uncertainty,Rad Intensity,Uncertainty,Dose,Uncertainty
46,Sc,21,25,0.0,,4+,B-,100,,2366.7,7,83.79 D 4,7239456.000000001,2009.534 15,0,111.8 3,0,0,0,245.1 8,0,0,0,0,2366.4 8,2366.7 7,0 AP,0 % AP,46Ti,g,,889.277,3,,,99.9840,10,0.889135,9
46,Sc,21,25,0.0,,4+,B-,100,,2366.7,7,83.79 D 4,7239456.000000001,2009.534 15,0,111.8 3,0,0,0,245.1 8,0,0,0,0,2366.4 8,2366.7 7,0 AP,0 % AP,46Ti,g,,1120.545,4,,,99.9870,10,1.120399,12
46,Sc,21,25,0.0,,4+,B-,100,,2366.7,7,83.79 D 4,7239456.000000001,2009.534 15,0,111.8 3,0,0,0,245.1 8,0,0,0,0,2366.4 8,2366.7 7,0 AP,0 % AP,46Ti,g,,2010,,,,1.3E-5,10,2.6E-7,20
46,Sc,21,25,0.0,,4+,B-,100,,2366.7,7,83.79 D 4,7239456.000000001,2009.534 15,0,111.8 3,0,0,0,245.1 8,0,0,0,0,2366.4 8,2366.7 7,0 AP,0 % AP,46Ti,bm,,111.8,3,356.9,7,99.9964,7,0.1118,3
46,Sc,21,25,0.0,,4+,B-,100,,2366.7,7,83.79 D 4,7239456.000000001,2009.534 15,0,111.8 3,0,0,0,245.1 8,0,0,0,0,2366.4 8,2366.7 7,0 AP,0 % AP,46Ti,bm,,580.8,4,1477.4,7,0.0036,7,2.1E-5,4
46,Sc,21,25,0.0,,4+,B-,100,,2366.7,7,83.79 D 4,7239456.000000001,2009.534 15,0,111.8 3,0,0,0,245.1 8,0,0,0,0,2366.4 8,2366.7 7,0 AP,0 % AP,46Ti,bm av,,111.8,3,,,100.0000,10,0.1118,3