A,Element,Z,N,Parent E(level),Uncertainty,JPi,Decay Mode,Decay Mode Value,Decay Mode Uncertainty,Q Value,Q Value Uncertainty,T1/2 (txt),T1/2 (sec),Gammas Balance,X-Rays Balance,B- Balance,B+ Balance,Conversion Electrons Balance,Auger Electrons Balance,Neutrinos Balance,Recoil Balance,Neutrons Balance, Protons Balance,Alphas Balance,Sum Balance,Q-effective Balance,Missing Energy Balance,Ratio Balance,Daughter,Radiation,Rad subtype,Rad Energy,Uncertainty, EP Energy,Uncertainty,Rad Intensity,Uncertainty,Dose,Uncertainty
55,Fe,26,29,0.0,,3/2-,EC,100,,231.21,18,2.744 Y 9,8.65940544E7,1.61E-7 3,1.63 5,0,0,0,3.97 4,221.3 20,0,0,0,0,226.9 20,231.21 18,4.3 21,1.9 % 9,55Mn,g,XR l,0.64,,,,0.66,10,4.2E-6,6
55,Fe,26,29,0.0,,3/2-,EC,100,,231.21,18,2.744 Y 9,8.65940544E7,1.61E-7 3,1.63 5,0,0,0,3.97 4,221.3 20,0,0,0,0,226.9 20,231.21 18,4.3 21,1.9 % 9,55Mn,g,XR ka2,5.888,,,,8.2,4,4.85E-4,21
55,Fe,26,29,0.0,,3/2-,EC,100,,231.21,18,2.744 Y 9,8.65940544E7,1.61E-7 3,1.63 5,0,0,0,3.97 4,221.3 20,0,0,0,0,226.9 20,231.21 18,4.3 21,1.9 % 9,55Mn,g,XR ka1,5.899,,,,16.2,7,9.6E-4,4
55,Fe,26,29,0.0,,3/2-,EC,100,,231.21,18,2.744 Y 9,8.65940544E7,1.61E-7 3,1.63 5,0,0,0,3.97 4,221.3 20,0,0,0,0,226.9 20,231.21 18,4.3 21,1.9 % 9,55Mn,g,XR kb1,6.49,,,,1.89,9,1.23E-4,6
55,Fe,26,29,0.0,,3/2-,EC,100,,231.21,18,2.744 Y 9,8.65940544E7,1.61E-7 3,1.63 5,0,0,0,3.97 4,221.3 20,0,0,0,0,226.9 20,231.21 18,4.3 21,1.9 % 9,55Mn,g,XR kb3,6.49,,,,0.96,5,6.3E-5,3
55,Fe,26,29,0.0,,3/2-,EC,100,,231.21,18,2.744 Y 9,8.65940544E7,1.61E-7 3,1.63 5,0,0,0,3.97 4,221.3 20,0,0,0,0,226.9 20,231.21 18,4.3 21,1.9 % 9,55Mn,g,,126.0,1,,,1.280E-7,20,1.61E-10,3
55,Fe,26,29,0.0,,3/2-,EC,100,,231.21,18,2.744 Y 9,8.65940544E7,1.61E-7 3,1.63 5,0,0,0,3.97 4,221.3 20,0,0,0,0,226.9 20,231.21 18,4.3 21,1.9 % 9,55Mn,e,Auger L,0.61,,,,139.9,14,8.53E-4,8
55,Fe,26,29,0.0,,3/2-,EC,100,,231.21,18,2.744 Y 9,8.65940544E7,1.61E-7 3,1.63 5,0,0,0,3.97 4,221.3 20,0,0,0,0,226.9 20,231.21 18,4.3 21,1.9 % 9,55Mn,e,Auger K,5.19,,,,60.1,8,0.00312,4