A,Element,Z,N,Parent E(level),Uncertainty,JPi,Decay Mode,Decay Mode Value,Decay Mode Uncertainty,Q Value,Q Value Uncertainty,T1/2 (txt),T1/2 (sec),Gammas Balance,X-Rays Balance,B- Balance,B+ Balance,Conversion Electrons Balance,Auger Electrons Balance,Neutrinos Balance,Recoil Balance,Neutrons Balance, Protons Balance,Alphas Balance,Sum Balance,Q-effective Balance,Missing Energy Balance,Ratio Balance,Daughter,Radiation,Rad subtype,Rad Energy,Uncertainty, EP Energy,Uncertainty,Rad Intensity,Uncertainty,Dose,Uncertainty
71,Ge,32,39,0.0,,1/2-,EC,100,,232.47,9,11.43 D 3,987552.0,0,4.17 10,0,0,0,4.75 3,223.25 8,0,0,0,0,232.17 13,232.47 9,0.30 16,0.13 % 7,71Ga,g,XR l,1.1,,,,1.52,5,1.68E-5,5
71,Ge,32,39,0.0,,1/2-,EC,100,,232.47,9,11.43 D 3,987552.0,0,4.17 10,0,0,0,4.75 3,223.25 8,0,0,0,0,232.17 13,232.47 9,0.30 16,0.13 % 7,71Ga,g,XR ka2,9.225,,,,13.3,5,0.00123,5
71,Ge,32,39,0.0,,1/2-,EC,100,,232.47,9,11.43 D 3,987552.0,0,4.17 10,0,0,0,4.75 3,223.25 8,0,0,0,0,232.17 13,232.47 9,0.30 16,0.13 % 7,71Ga,g,XR ka1,9.252,,,,26.1,10,0.00241,9
71,Ge,32,39,0.0,,1/2-,EC,100,,232.47,9,11.43 D 3,987552.0,0,4.17 10,0,0,0,4.75 3,223.25 8,0,0,0,0,232.17 13,232.47 9,0.30 16,0.13 % 7,71Ga,g,XR kb3,10.26,,,,1.66,6,1.71E-4,6
71,Ge,32,39,0.0,,1/2-,EC,100,,232.47,9,11.43 D 3,987552.0,0,4.17 10,0,0,0,4.75 3,223.25 8,0,0,0,0,232.17 13,232.47 9,0.30 16,0.13 % 7,71Ga,g,XR kb1,10.264,,,,3.24,11,3.33E-4,12
71,Ge,32,39,0.0,,1/2-,EC,100,,232.47,9,11.43 D 3,987552.0,0,4.17 10,0,0,0,4.75 3,223.25 8,0,0,0,0,232.17 13,232.47 9,0.30 16,0.13 % 7,71Ga,g,XR kb2,10.366,,,,0.0275,10,2.85E-6,10
71,Ge,32,39,0.0,,1/2-,EC,100,,232.47,9,11.43 D 3,987552.0,0,4.17 10,0,0,0,4.75 3,223.25 8,0,0,0,0,232.17 13,232.47 9,0.30 16,0.13 % 7,71Ga,e,Auger L,1.1,,,,122.4,3,0.001346,4
71,Ge,32,39,0.0,,1/2-,EC,100,,232.47,9,11.43 D 3,987552.0,0,4.17 10,0,0,0,4.75 3,223.25 8,0,0,0,0,232.17 13,232.47 9,0.30 16,0.13 % 7,71Ga,e,Auger K,8.04,,,,42.3,4,0.00340,3