A,Element,Z,N,Parent E(level),Uncertainty,JPi,Decay Mode,Decay Mode Value,Decay Mode Uncertainty,Q Value,Q Value Uncertainty,T1/2 (txt),T1/2 (sec),Gammas Balance,X-Rays Balance,B- Balance,B+ Balance,Conversion Electrons Balance,Auger Electrons Balance,Neutrinos Balance,Recoil Balance,Neutrons Balance, Protons Balance,Alphas Balance,Sum Balance,Q-effective Balance,Missing Energy Balance,Ratio Balance,Daughter,Radiation,Rad subtype,Rad Energy,Uncertainty, EP Energy,Uncertainty,Rad Intensity,Uncertainty,Dose,Uncertainty
80,Br,35,45,0,,1+,B-,91.70,20,2003.0,24,17.68 M 2,1060.8,45.2 3,0,717 7,0,0,0,1075 10,0,0,0,0,1838 12,1837 5,0 AP,0 % AP,80Kr,g,,616.3,5,,,6.7,,0.041,
80,Br,35,45,0,,1+,B-,91.70,20,2003.0,24,17.68 M 2,1060.8,45.2 3,0,717 7,0,0,0,1075 10,0,0,0,0,1838 12,1837 5,0 AP,0 % AP,80Kr,g,,639.4,2,,,0.26,3,0.00167,21
80,Br,35,45,0,,1+,B-,91.70,20,2003.0,24,17.68 M 2,1060.8,45.2 3,0,717 7,0,0,0,1075 10,0,0,0,0,1838 12,1837 5,0 AP,0 % AP,80Kr,g,,703.8,2,,,0.19,3,0.00137,23
80,Br,35,45,0,,1+,B-,91.70,20,2003.0,24,17.68 M 2,1060.8,45.2 3,0,717 7,0,0,0,1075 10,0,0,0,0,1838 12,1837 5,0 AP,0 % AP,80Kr,g,,1256.2,4,,,0.074,10,9.3E-4,12
80,Br,35,45,0,,1+,B-,91.70,20,2003.0,24,17.68 M 2,1060.8,45.2 3,0,717 7,0,0,0,1075 10,0,0,0,0,1838 12,1837 5,0 AP,0 % AP,80Kr,bm,,227.63,96,682.6,24,0.190,20,4.3E-4,5
80,Br,35,45,0,,1+,B-,91.70,20,2003.0,24,17.68 M 2,1060.8,45.2 3,0,717 7,0,0,0,1075 10,0,0,0,0,1838 12,1837 5,0 AP,0 % AP,80Kr,bm,,253.14,98,747.0,24,0.31,3,7.9E-4,8
80,Br,35,45,0,,1+,B-,91.70,20,2003.0,24,17.68 M 2,1060.8,45.2 3,0,717 7,0,0,0,1075 10,0,0,0,0,1838 12,1837 5,0 AP,0 % AP,80Kr,bm,,524.4,11,1386.4,24,6.2,6,0.033,3
80,Br,35,45,0,,1+,B-,91.70,20,2003.0,24,17.68 M 2,1060.8,45.2 3,0,717 7,0,0,0,1075 10,0,0,0,0,1838 12,1837 5,0 AP,0 % AP,80Kr,bm,,804.0,11,2003.0,24,85.0,7,0.684,6
80,Br,35,45,0,,1+,B-,91.70,20,2003.0,24,17.68 M 2,1060.8,45.2 3,0,717 7,0,0,0,1075 10,0,0,0,0,1838 12,1837 5,0 AP,0 % AP,80Kr,bm av,,782,11,,,91.7,9,0.717,12