A,Element,Z,N,Parent E(level),Uncertainty,JPi,Decay Mode,Decay Mode Value,Decay Mode Uncertainty,Q Value,Q Value Uncertainty,T1/2 (txt),T1/2 (sec),Gammas Balance,X-Rays Balance,B- Balance,B+ Balance,Conversion Electrons Balance,Auger Electrons Balance,Neutrinos Balance,Recoil Balance,Neutrons Balance, Protons Balance,Alphas Balance,Sum Balance,Q-effective Balance,Missing Energy Balance,Ratio Balance,Daughter,Radiation,Rad subtype,Rad Energy,Uncertainty, EP Energy,Uncertainty,Rad Intensity,Uncertainty,Dose,Uncertainty
81,Kr,36,45,190.64,4,1/2-,EC,0.00247,,280.8,5,13.10 S 3,13.1,0,1.62E-4 16,0,0,0,1.21E-4 13,0.0114 15,0,0,0,0,0.0116 15,0.011645 12,0 AP,0 % AP,81Br,g,XR l,1.48,,,,5.4E-5,8,8.0E-10,11
81,Kr,36,45,190.64,4,1/2-,EC,0.00247,,280.8,5,13.10 S 3,13.1,0,1.62E-4 16,0,0,0,1.21E-4 13,0.0114 15,0,0,0,0,0.0116 15,0.011645 12,0 AP,0 % AP,81Br,g,XR ka2,11.878,,,,4.0E-4,6,4.7E-8,7
81,Kr,36,45,190.64,4,1/2-,EC,0.00247,,280.8,5,13.10 S 3,13.1,0,1.62E-4 16,0,0,0,1.21E-4 13,0.0114 15,0,0,0,0,0.0116 15,0.011645 12,0 AP,0 % AP,81Br,g,XR ka1,11.924,,,,7.7E-4,12,9.2E-8,14
81,Kr,36,45,190.64,4,1/2-,EC,0.00247,,280.8,5,13.10 S 3,13.1,0,1.62E-4 16,0,0,0,1.21E-4 13,0.0114 15,0,0,0,0,0.0116 15,0.011645 12,0 AP,0 % AP,81Br,g,XR kb3,13.284,,,,5.4E-5,8,7.2E-9,11
81,Kr,36,45,190.64,4,1/2-,EC,0.00247,,280.8,5,13.10 S 3,13.1,0,1.62E-4 16,0,0,0,1.21E-4 13,0.0114 15,0,0,0,0,0.0116 15,0.011645 12,0 AP,0 % AP,81Br,g,XR kb1,13.292,,,,1.05E-4,16,1.39E-8,21
81,Kr,36,45,190.64,4,1/2-,EC,0.00247,,280.8,5,13.10 S 3,13.1,0,1.62E-4 16,0,0,0,1.21E-4 13,0.0114 15,0,0,0,0,0.0116 15,0.011645 12,0 AP,0 % AP,81Br,g,XR kb2,13.469,,,,1.05E-5,16,1.41E-9,22
81,Kr,36,45,190.64,4,1/2-,EC,0.00247,,280.8,5,13.10 S 3,13.1,0,1.62E-4 16,0,0,0,1.21E-4 13,0.0114 15,0,0,0,0,0.0116 15,0.011645 12,0 AP,0 % AP,81Br,e,Auger L,1.41,,,,0.0027,4,3.9E-8,5
81,Kr,36,45,190.64,4,1/2-,EC,0.00247,,280.8,5,13.10 S 3,13.1,0,1.62E-4 16,0,0,0,1.21E-4 13,0.0114 15,0,0,0,0,0.0116 15,0.011645 12,0 AP,0 % AP,81Br,e,Auger K,10.2,,,,8.0E-4,12,8.2E-8,12