A,Element,Z,N,Parent E(level),Uncertainty,JPi,Decay Mode,Decay Mode Value,Decay Mode Uncertainty,Q Value,Q Value Uncertainty,T1/2 (txt),T1/2 (sec),Gammas Balance,X-Rays Balance,B- Balance,B+ Balance,Conversion Electrons Balance,Auger Electrons Balance,Neutrinos Balance,Recoil Balance,Neutrons Balance, Protons Balance,Alphas Balance,Sum Balance,Q-effective Balance,Missing Energy Balance,Ratio Balance,Daughter,Radiation,Rad subtype,Rad Energy,Uncertainty, EP Energy,Uncertainty,Rad Intensity,Uncertainty,Dose,Uncertainty
83,Ga,31,52,0.0,,,B-,100,,11719,4,308.1 MS 10,0.30810000000000004,31.4 18,0,1.1E+3 9,0,0,0,1.2E+3 11,0,0,0,0,2.3E+3 14,11719 4,9.4E+3 14,80 % 12,83Ge,g,,247.05,17,,,0.43,11,0.0011,3
83,Ga,31,52,0.0,,,B-,100,,11719,4,308.1 MS 10,0.30810000000000004,31.4 18,0,1.1E+3 9,0,0,0,1.2E+3 11,0,0,0,0,2.3E+3 14,11719 4,9.4E+3 14,80 % 12,83Ge,g,,1045.50,19,,,0.65,12,0.0068,12
83,Ga,31,52,0.0,,,B-,100,,11719,4,308.1 MS 10,0.30810000000000004,31.4 18,0,1.1E+3 9,0,0,0,1.2E+3 11,0,0,0,0,2.3E+3 14,11719 4,9.4E+3 14,80 % 12,83Ge,g,,1237.96,13,,,1.90,11,0.0236,13
83,Ga,31,52,0.0,,,B-,100,,11719,4,308.1 MS 10,0.30810000000000004,31.4 18,0,1.1E+3 9,0,0,0,1.2E+3 11,0,0,0,0,2.3E+3 14,11719 4,9.4E+3 14,80 % 12,83Ge,bm,,4900.9,20,10481,4,1.90,10,0.093,5
83,Ga,31,52,0.0,,,B-,100,,11719,4,308.1 MS 10,0.30810000000000004,31.4 18,0,1.1E+3 9,0,0,0,1.2E+3 11,0,0,0,0,2.3E+3 14,11719 4,9.4E+3 14,80 % 12,83Ge,bm,,4994.0,20,10673,4,0.65,12,0.032,6
83,Ga,31,52,0.0,,,B-,100,,11719,4,308.1 MS 10,0.30810000000000004,31.4 18,0,1.1E+3 9,0,0,0,1.2E+3 11,0,0,0,0,2.3E+3 14,11719 4,9.4E+3 14,80 % 12,83Ge,bm,,5379.9,20,11472,4,0.43,11,0.023,6
83,Ga,31,52,0.0,,,B-,100,,11719,4,308.1 MS 10,0.30810000000000004,31.4 18,0,1.1E+3 9,0,0,0,1.2E+3 11,0,0,0,0,2.3E+3 14,11719 4,9.4E+3 14,80 % 12,83Ge,bm,,5499.2,20,11719,4,17,17,0.9,9
83,Ga,31,52,0.0,,,B-,100,,11719,4,308.1 MS 10,0.30810000000000004,31.4 18,0,1.1E+3 9,0,0,0,1.2E+3 11,0,0,0,0,2.3E+3 14,11719 4,9.4E+3 14,80 % 12,83Ge,bm av,,5.E+3,7,,,20,17,0,AP