A,Element,Z,N,Parent E(level),Uncertainty,JPi,Decay Mode,Decay Mode Value,Decay Mode Uncertainty,Q Value,Q Value Uncertainty,T1/2 (txt),T1/2 (sec),Gammas Balance,X-Rays Balance,B- Balance,B+ Balance,Conversion Electrons Balance,Auger Electrons Balance,Neutrinos Balance,Recoil Balance,Neutrons Balance, Protons Balance,Alphas Balance,Sum Balance,Q-effective Balance,Missing Energy Balance,Ratio Balance,Daughter,Radiation,Rad subtype,Rad Energy,Uncertainty, EP Energy,Uncertainty,Rad Intensity,Uncertainty,Dose,Uncertainty
123,Te,52,71,0.0,,1/2+,EC,100,,51.91,7,9.2E+16 Y GT,2.9032992E24,0,0.245 10,0,0,0,2.014 7,48.25 11,0,0,0,0,50.51 11,51.91 7,1.40 13,2.7 % 3,123Sb,g,XR l,3.6,,,,5.66,21,2.04E-4,8
123,Te,52,71,0.0,,1/2+,EC,100,,51.91,7,9.2E+16 Y GT,2.9032992E24,0,0.245 10,0,0,0,2.014 7,48.25 11,0,0,0,0,50.51 11,51.91 7,1.40 13,2.7 % 3,123Sb,g,XR ka2,26.111,,,,0.045,12,1.2E-5,3
123,Te,52,71,0.0,,1/2+,EC,100,,51.91,7,9.2E+16 Y GT,2.9032992E24,0,0.245 10,0,0,0,2.014 7,48.25 11,0,0,0,0,50.51 11,51.91 7,1.40 13,2.7 % 3,123Sb,g,XR ka1,26.359,,,,0.083,23,2.2E-5,6
123,Te,52,71,0.0,,1/2+,EC,100,,51.91,7,9.2E+16 Y GT,2.9032992E24,0,0.245 10,0,0,0,2.014 7,48.25 11,0,0,0,0,50.51 11,51.91 7,1.40 13,2.7 % 3,123Sb,g,XR kb3,29.679,,,,0.0076,21,2.2E-6,6
123,Te,52,71,0.0,,1/2+,EC,100,,51.91,7,9.2E+16 Y GT,2.9032992E24,0,0.245 10,0,0,0,2.014 7,48.25 11,0,0,0,0,50.51 11,51.91 7,1.40 13,2.7 % 3,123Sb,g,XR kb1,29.726,,,,0.015,4,4.3E-6,12
123,Te,52,71,0.0,,1/2+,EC,100,,51.91,7,9.2E+16 Y GT,2.9032992E24,0,0.245 10,0,0,0,2.014 7,48.25 11,0,0,0,0,50.51 11,51.91 7,1.40 13,2.7 % 3,123Sb,g,XR kb2,30.393,,,,0.0041,11,1.2E-6,3
123,Te,52,71,0.0,,1/2+,EC,100,,51.91,7,9.2E+16 Y GT,2.9032992E24,0,0.245 10,0,0,0,2.014 7,48.25 11,0,0,0,0,50.51 11,51.91 7,1.40 13,2.7 % 3,123Sb,e,Auger L,3.07,,,,65.42,22,0.002008,7
123,Te,52,71,0.0,,1/2+,EC,100,,51.91,7,9.2E+16 Y GT,2.9032992E24,0,0.245 10,0,0,0,2.014 7,48.25 11,0,0,0,0,50.51 11,51.91 7,1.40 13,2.7 % 3,123Sb,e,Auger K,21.8,,,,0.024,7,5.2E-6,14