A,Element,Z,N,Parent E(level),Uncertainty,JPi,Decay Mode,Decay Mode Value,Decay Mode Uncertainty,Q Value,Q Value Uncertainty,T1/2 (txt),T1/2 (sec),Gammas Balance,X-Rays Balance,B- Balance,B+ Balance,Conversion Electrons Balance,Auger Electrons Balance,Neutrinos Balance,Recoil Balance,Neutrons Balance, Protons Balance,Alphas Balance,Sum Balance,Q-effective Balance,Missing Energy Balance,Ratio Balance,Daughter,Radiation,Rad subtype,Rad Energy,Uncertainty, EP Energy,Uncertainty,Rad Intensity,Uncertainty,Dose,Uncertainty
125,Ag,47,78,1501.2,6,(17/2-),IT,100,,,,0.491 US 20,4.909999999999999E-7,1374 23,0,0,0,0,0,0,0,0,0,0,1374 23,1501.2 6,128 23,8.5 % 15,125Ag,g,,102.9,5,,,32.4,12,0.0333,12
125,Ag,47,78,1501.2,6,(17/2-),IT,100,,,,0.491 US 20,4.909999999999999E-7,1374 23,0,0,0,0,0,0,0,0,0,0,1374 23,1501.2 6,128 23,8.5 % 15,125Ag,g,,669.8,5,,,47.3,18,0.317,12
125,Ag,47,78,1501.2,6,(17/2-),IT,100,,,,0.491 US 20,4.909999999999999E-7,1374 23,0,0,0,0,0,0,0,0,0,0,1374 23,1501.2 6,128 23,8.5 % 15,125Ag,g,,684.2,5,,,38.4,17,0.263,12
125,Ag,47,78,1501.2,6,(17/2-),IT,100,,,,0.491 US 20,4.909999999999999E-7,1374 23,0,0,0,0,0,0,0,0,0,0,1374 23,1501.2 6,128 23,8.5 % 15,125Ag,g,,714.3,5,,,52.6,,0.376,
125,Ag,47,78,1501.2,6,(17/2-),IT,100,,,,0.491 US 20,4.909999999999999E-7,1374 23,0,0,0,0,0,0,0,0,0,0,1374 23,1501.2 6,128 23,8.5 % 15,125Ag,g,,728.3,5,,,42.1,17,0.306,13
125,Ag,47,78,1501.2,6,(17/2-),IT,100,,,,0.491 US 20,4.909999999999999E-7,1374 23,0,0,0,0,0,0,0,0,0,0,1374 23,1501.2 6,128 23,8.5 % 15,125Ag,g,,764.8,5,,,7.3,9,0.056,7
125,Ag,47,78,1501.2,6,(17/2-),IT,100,,,,0.491 US 20,4.909999999999999E-7,1374 23,0,0,0,0,0,0,0,0,0,0,1374 23,1501.2 6,128 23,8.5 % 15,125Ag,g,,786.9,5,,,2.9,6,0.023,5