A,Element,Z,N,Parent E(level),Uncertainty,JPi,Decay Mode,Decay Mode Value,Decay Mode Uncertainty,Q Value,Q Value Uncertainty,T1/2 (txt),T1/2 (sec),Gammas Balance,X-Rays Balance,B- Balance,B+ Balance,Conversion Electrons Balance,Auger Electrons Balance,Neutrinos Balance,Recoil Balance,Neutrons Balance, Protons Balance,Alphas Balance,Sum Balance,Q-effective Balance,Missing Energy Balance,Ratio Balance,Daughter,Radiation,Rad subtype,Rad Energy,Uncertainty, EP Energy,Uncertainty,Rad Intensity,Uncertainty,Dose,Uncertainty
142,Pr,59,83,0.0,,2-,EC,0.0164,8,745.8,24,19.12 H 4,68832.0,0.0142,0.00426 22,0,0,0,8.2E-4 5,0.103 7,0,0,0,0,0.122 7,0.122 6,0 AP,0 % AP,142Ce,g,XR l,4.84,,,,0.00175,15,8.5E-8,7
142,Pr,59,83,0.0,,2-,EC,0.0164,8,745.8,24,19.12 H 4,68832.0,0.0142,0.00426 22,0,0,0,8.2E-4 5,0.103 7,0,0,0,0,0.122 7,0.122 6,0 AP,0 % AP,142Ce,g,XR ka2,34.279,,,,0.0034,3,1.17E-6,10
142,Pr,59,83,0.0,,2-,EC,0.0164,8,745.8,24,19.12 H 4,68832.0,0.0142,0.00426 22,0,0,0,8.2E-4 5,0.103 7,0,0,0,0,0.122 7,0.122 6,0 AP,0 % AP,142Ce,g,XR ka1,34.72,,,,0.0062,6,2.16E-6,19
142,Pr,59,83,0.0,,2-,EC,0.0164,8,745.8,24,19.12 H 4,68832.0,0.0142,0.00426 22,0,0,0,8.2E-4 5,0.103 7,0,0,0,0,0.122 7,0.122 6,0 AP,0 % AP,142Ce,g,XR kb3,39.17,,,,6.0E-4,5,2.36E-7,21
142,Pr,59,83,0.0,,2-,EC,0.0164,8,745.8,24,19.12 H 4,68832.0,0.0142,0.00426 22,0,0,0,8.2E-4 5,0.103 7,0,0,0,0,0.122 7,0.122 6,0 AP,0 % AP,142Ce,g,XR kb1,39.258,,,,0.00117,10,4.6E-7,4
142,Pr,59,83,0.0,,2-,EC,0.0164,8,745.8,24,19.12 H 4,68832.0,0.0142,0.00426 22,0,0,0,8.2E-4 5,0.103 7,0,0,0,0,0.122 7,0.122 6,0 AP,0 % AP,142Ce,g,XR kb2,40.228,,,,3.8E-4,3,1.51E-7,13
142,Pr,59,83,0.0,,2-,EC,0.0164,8,745.8,24,19.12 H 4,68832.0,0.0142,0.00426 22,0,0,0,8.2E-4 5,0.103 7,0,0,0,0,0.122 7,0.122 6,0 AP,0 % AP,142Ce,g,,642.0,10,,,0.00221,,1.42E-5,
142,Pr,59,83,0.0,,2-,EC,0.0164,8,745.8,24,19.12 H 4,68832.0,0.0142,0.00426 22,0,0,0,8.2E-4 5,0.103 7,0,0,0,0,0.122 7,0.122 6,0 AP,0 % AP,142Ce,e,Auger L,3.94,,,,0.0123,9,4.8E-7,3
142,Pr,59,83,0.0,,2-,EC,0.0164,8,745.8,24,19.12 H 4,68832.0,0.0142,0.00426 22,0,0,0,8.2E-4 5,0.103 7,0,0,0,0,0.122 7,0.122 6,0 AP,0 % AP,142Ce,e,Auger K,28.4,,,,0.00119,12,3.4E-7,3