A,Element,Z,N,Parent E(level),Uncertainty,JPi,Decay Mode,Decay Mode Value,Decay Mode Uncertainty,Q Value,Q Value Uncertainty,T1/2 (txt),T1/2 (sec),Gammas Balance,X-Rays Balance,B- Balance,B+ Balance,Conversion Electrons Balance,Auger Electrons Balance,Neutrinos Balance,Recoil Balance,Neutrons Balance, Protons Balance,Alphas Balance,Sum Balance,Q-effective Balance,Missing Energy Balance,Ratio Balance,Daughter,Radiation,Rad subtype,Rad Energy,Uncertainty, EP Energy,Uncertainty,Rad Intensity,Uncertainty,Dose,Uncertainty
165,Er,68,97,0.0,,5/2-,EC,100,,376.3,20,10.36 H 4,37296.0,0,37.0 5,0,0,0,5.34 13,330.3 16,0,0,0,0,372.6 17,376.3 20,4 3,1.0 % 7,165Ho,g,XR l,6.72,,,,17.0,7,0.00114,4
165,Er,68,97,0.0,,5/2-,EC,100,,376.3,20,10.36 H 4,37296.0,0,37.0 5,0,0,0,5.34 13,330.3 16,0,0,0,0,372.6 17,376.3 20,4 3,1.0 % 7,165Ho,g,XR ka2,46.7,,,,21.5,5,0.01003,22
165,Er,68,97,0.0,,5/2-,EC,100,,376.3,20,10.36 H 4,37296.0,0,37.0 5,0,0,0,5.34 13,330.3 16,0,0,0,0,372.6 17,376.3 20,4 3,1.0 % 7,165Ho,g,XR ka1,47.547,,,,37.9,8,0.0180,4
165,Er,68,97,0.0,,5/2-,EC,100,,376.3,20,10.36 H 4,37296.0,0,37.0 5,0,0,0,5.34 13,330.3 16,0,0,0,0,372.6 17,376.3 20,4 3,1.0 % 7,165Ho,g,XR kb3,53.695,,,,3.99,8,0.00214,4
165,Er,68,97,0.0,,5/2-,EC,100,,376.3,20,10.36 H 4,37296.0,0,37.0 5,0,0,0,5.34 13,330.3 16,0,0,0,0,372.6 17,376.3 20,4 3,1.0 % 7,165Ho,g,XR kb1,53.877,,,,7.73,16,0.00416,9
165,Er,68,97,0.0,,5/2-,EC,100,,376.3,20,10.36 H 4,37296.0,0,37.0 5,0,0,0,5.34 13,330.3 16,0,0,0,0,372.6 17,376.3 20,4 3,1.0 % 7,165Ho,g,XR kb2,55.293,,,,2.59,6,0.00143,3
165,Er,68,97,0.0,,5/2-,EC,100,,376.3,20,10.36 H 4,37296.0,0,37.0 5,0,0,0,5.34 13,330.3 16,0,0,0,0,372.6 17,376.3 20,4 3,1.0 % 7,165Ho,e,Auger L,5.33,,,,65.6,7,0.00350,4
165,Er,68,97,0.0,,5/2-,EC,100,,376.3,20,10.36 H 4,37296.0,0,37.0 5,0,0,0,5.34 13,330.3 16,0,0,0,0,372.6 17,376.3 20,4 3,1.0 % 7,165Ho,e,Auger K,38.4,,,,4.8,3,0.00184,12