A,Element,Z,N,Parent E(level),Uncertainty,JPi,Decay Mode,Decay Mode Value,Decay Mode Uncertainty,Q Value,Q Value Uncertainty,T1/2 (txt),T1/2 (sec),Gammas Balance,X-Rays Balance,B- Balance,B+ Balance,Conversion Electrons Balance,Auger Electrons Balance,Neutrinos Balance,Recoil Balance,Neutrons Balance, Protons Balance,Alphas Balance,Sum Balance,Q-effective Balance,Missing Energy Balance,Ratio Balance,Daughter,Radiation,Rad subtype,Rad Energy,Uncertainty, EP Energy,Uncertainty,Rad Intensity,Uncertainty,Dose,Uncertainty
179,Ta,73,106,0.0,,7/2+,EC,100,,105.6,4,1.82 Y 3,5.7434832E7,0,26.2 3,0,0,0,4.57 10,70.5 4,0,0,0,0,101.3 5,105.6 4,4.3 6,4.1 % 6,179Hf,g,XR l,7.9,,,,20.2,8,0.00160,6
179,Ta,73,106,0.0,,7/2+,EC,100,,105.6,4,1.82 Y 3,5.7434832E7,0,26.2 3,0,0,0,4.57 10,70.5 4,0,0,0,0,101.3 5,105.6 4,4.3 6,4.1 % 6,179Hf,g,XR ka2,54.611,,,,12.6,3,0.00689,16
179,Ta,73,106,0.0,,7/2+,EC,100,,105.6,4,1.82 Y 3,5.7434832E7,0,26.2 3,0,0,0,4.57 10,70.5 4,0,0,0,0,101.3 5,105.6 4,4.3 6,4.1 % 6,179Hf,g,XR ka1,55.79,,,,21.8,5,0.0121,3
179,Ta,73,106,0.0,,7/2+,EC,100,,105.6,4,1.82 Y 3,5.7434832E7,0,26.2 3,0,0,0,4.57 10,70.5 4,0,0,0,0,101.3 5,105.6 4,4.3 6,4.1 % 6,179Hf,g,XR kb3,62.985,,,,2.44,5,0.00154,3
179,Ta,73,106,0.0,,7/2+,EC,100,,105.6,4,1.82 Y 3,5.7434832E7,0,26.2 3,0,0,0,4.57 10,70.5 4,0,0,0,0,101.3 5,105.6 4,4.3 6,4.1 % 6,179Hf,g,XR kb1,63.243,,,,4.71,10,0.00298,6
179,Ta,73,106,0.0,,7/2+,EC,100,,105.6,4,1.82 Y 3,5.7434832E7,0,26.2 3,0,0,0,4.57 10,70.5 4,0,0,0,0,101.3 5,105.6 4,4.3 6,4.1 % 6,179Hf,g,XR kb2,64.942,,,,1.61,3,0.001044,22
179,Ta,73,106,0.0,,7/2+,EC,100,,105.6,4,1.82 Y 3,5.7434832E7,0,26.2 3,0,0,0,4.57 10,70.5 4,0,0,0,0,101.3 5,105.6 4,4.3 6,4.1 % 6,179Hf,e,Auger L,6.18,,,,57.6,8,0.00356,5
179,Ta,73,106,0.0,,7/2+,EC,100,,105.6,4,1.82 Y 3,5.7434832E7,0,26.2 3,0,0,0,4.57 10,70.5 4,0,0,0,0,101.3 5,105.6 4,4.3 6,4.1 % 6,179Hf,e,Auger K,44.8,,,,2.26,19,0.00101,8