A,Element,Z,N,Parent E(level),Uncertainty,JPi,Decay Mode,Decay Mode Value,Decay Mode Uncertainty,Q Value,Q Value Uncertainty,T1/2 (txt),T1/2 (sec),Gammas Balance,X-Rays Balance,B- Balance,B+ Balance,Conversion Electrons Balance,Auger Electrons Balance,Neutrinos Balance,Recoil Balance,Neutrons Balance, Protons Balance,Alphas Balance,Sum Balance,Q-effective Balance,Missing Energy Balance,Ratio Balance,Daughter,Radiation,Rad subtype,Rad Energy,Uncertainty, EP Energy,Uncertainty,Rad Intensity,Uncertainty,Dose,Uncertainty
182,Ta,73,109,16.263,,5+,IT,100,,,,283 MS 3,0.28300000000000003,3.8E-4 4,1.65 7,0,0,6.98 7,3.45 5,0,0,0,0,0,12.09 11,16.263,4.18 11,25.7 % 7,182Ta,g,XR l,8.15,,,,20.3,8,0.00165,7
182,Ta,73,109,16.263,,5+,IT,100,,,,283 MS 3,0.28300000000000003,3.8E-4 4,1.65 7,0,0,6.98 7,3.45 5,0,0,0,0,0,12.09 11,16.263,4.18 11,25.7 % 7,182Ta,g,,16.273,4,,,0.00232,23,3.8E-7,4
182,Ta,73,109,16.263,,5+,IT,100,,,,283 MS 3,0.28300000000000003,3.8E-4 4,1.65 7,0,0,6.98 7,3.45 5,0,0,0,0,0,12.09 11,16.263,4.18 11,25.7 % 7,182Ta,e,CE L,4.592,4,,,74.6,8,0.00343,4
182,Ta,73,109,16.263,,5+,IT,100,,,,283 MS 3,0.28300000000000003,3.8E-4 4,1.65 7,0,0,6.98 7,3.45 5,0,0,0,0,0,12.09 11,16.263,4.18 11,25.7 % 7,182Ta,e,Auger L,6.35,,,,54.3,8,0.00345,5
182,Ta,73,109,16.263,,5+,IT,100,,,,283 MS 3,0.28300000000000003,3.8E-4 4,1.65 7,0,0,6.98 7,3.45 5,0,0,0,0,0,12.09 11,16.263,4.18 11,25.7 % 7,182Ta,e,CE M,13.565,4,,,19.8,4,0.00269,5
182,Ta,73,109,16.263,,5+,IT,100,,,,283 MS 3,0.28300000000000003,3.8E-4 4,1.65 7,0,0,6.98 7,3.45 5,0,0,0,0,0,12.09 11,16.263,4.18 11,25.7 % 7,182Ta,e,CE N,15.708,4,,,4.82,10,7.57E-4,16
182,Ta,73,109,16.263,,5+,IT,100,,,,283 MS 3,0.28300000000000003,3.8E-4 4,1.65 7,0,0,6.98 7,3.45 5,0,0,0,0,0,12.09 11,16.263,4.18 11,25.7 % 7,182Ta,e,CE O,16.240,4,,,0.717,15,1.164E-4,24