A,Element,Z,N,Parent E(level),Uncertainty,JPi,Decay Mode,Decay Mode Value,Decay Mode Uncertainty,Q Value,Q Value Uncertainty,T1/2 (txt),T1/2 (sec),Gammas Balance,X-Rays Balance,B- Balance,B+ Balance,Conversion Electrons Balance,Auger Electrons Balance,Neutrinos Balance,Recoil Balance,Neutrons Balance, Protons Balance,Alphas Balance,Sum Balance,Q-effective Balance,Missing Energy Balance,Ratio Balance,Daughter,Radiation,Rad subtype,Rad Energy,Uncertainty, EP Energy,Uncertainty,Rad Intensity,Uncertainty,Dose,Uncertainty
190,Ir,77,113,26.1,1,(1)-,IT,100,,,,1.120 H 3,4032.0000000000005,2.636E-5,2.07 8,0,0,15.887,3.39 6,0,0,0,0,0,21.35 11,26.10 10,4.75 15,18.2 % 6,190Ir,g,XR l,9.18,,,,22.5,9,0.00207,8
190,Ir,77,113,26.1,1,(1)-,IT,100,,,,1.120 H 3,4032.0000000000005,2.636E-5,2.07 8,0,0,15.887,3.39 6,0,0,0,0,0,21.35 11,26.10 10,4.75 15,18.2 % 6,190Ir,g,,26.1,1,,,1.01E-4,,2.64E-8,
190,Ir,77,113,26.1,1,(1)-,IT,100,,,,1.120 H 3,4032.0000000000005,2.636E-5,2.07 8,0,0,15.887,3.39 6,0,0,0,0,0,21.35 11,26.10 10,4.75 15,18.2 % 6,190Ir,e,Auger L,7.06,,,,48.1,9,0.00339,6
190,Ir,77,113,26.1,1,(1)-,IT,100,,,,1.120 H 3,4032.0000000000005,2.636E-5,2.07 8,0,0,15.887,3.39 6,0,0,0,0,0,21.35 11,26.10 10,4.75 15,18.2 % 6,190Ir,e,CE L,12.68,10,,,71,,0.0090,
190,Ir,77,113,26.1,1,(1)-,IT,100,,,,1.120 H 3,4032.0000000000005,2.636E-5,2.07 8,0,0,15.887,3.39 6,0,0,0,0,0,21.35 11,26.10 10,4.75 15,18.2 % 6,190Ir,e,CE M,22.93,10,,,22.8,,0.00523,
190,Ir,77,113,26.1,1,(1)-,IT,100,,,,1.120 H 3,4032.0000000000005,2.636E-5,2.07 8,0,0,15.887,3.39 6,0,0,0,0,0,21.35 11,26.10 10,4.75 15,18.2 % 6,190Ir,e,CE N,25.41,10,,,5.78,,0.00147,
190,Ir,77,113,26.1,1,(1)-,IT,100,,,,1.120 H 3,4032.0000000000005,2.636E-5,2.07 8,0,0,15.887,3.39 6,0,0,0,0,0,21.35 11,26.10 10,4.75 15,18.2 % 6,190Ir,e,CE O,26.06,10,,,0.89,,2.32E-4,