A,Element,Z,N,Parent E(level),Uncertainty,JPi,Decay Mode,Decay Mode Value,Decay Mode Uncertainty,Q Value,Q Value Uncertainty,T1/2 (txt),T1/2 (sec),Gammas Balance,X-Rays Balance,B- Balance,B+ Balance,Conversion Electrons Balance,Auger Electrons Balance,Neutrinos Balance,Recoil Balance,Neutrons Balance, Protons Balance,Alphas Balance,Sum Balance,Q-effective Balance,Missing Energy Balance,Ratio Balance,Daughter,Radiation,Rad subtype,Rad Energy,Uncertainty, EP Energy,Uncertainty,Rad Intensity,Uncertainty,Dose,Uncertainty
202,Po,84,118,0,,0+,EC,98.08,7,2809,25,44.6 M 4,2676.0,1.21 9,2.40 20,0,0,20.9 11,2.82 15,0,0,0,0,0,27.3 12,2755 25,2728 25,99.0 % 13,202Bi,g,XR l,10.8,,,,22.2,19,0.00240,20
202,Po,84,118,0,,0+,EC,98.08,7,2809,25,44.6 M 4,2676.0,1.21 9,2.40 20,0,0,20.9 11,2.82 15,0,0,0,0,0,27.3 12,2755 25,2728 25,99.0 % 13,202Bi,g,,41.30,9,,,2.93,21,0.00121,9
202,Po,84,118,0,,0+,EC,98.08,7,2809,25,44.6 M 4,2676.0,1.21 9,2.40 20,0,0,20.9 11,2.82 15,0,0,0,0,0,27.3 12,2755 25,2728 25,99.0 % 13,202Bi,e,Auger L,8.15,,,,34.6,19,0.00282,15
202,Po,84,118,0,,0+,EC,98.08,7,2809,25,44.6 M 4,2676.0,1.21 9,2.40 20,0,0,20.9 11,2.82 15,0,0,0,0,0,27.3 12,2755 25,2728 25,99.0 % 13,202Bi,e,CE L,24.91,9,,,57,4,0.0142,11
202,Po,84,118,0,,0+,EC,98.08,7,2809,25,44.6 M 4,2676.0,1.21 9,2.40 20,0,0,20.9 11,2.82 15,0,0,0,0,0,27.3 12,2755 25,2728 25,99.0 % 13,202Bi,e,CE M,37.30,9,,,13.4,10,0.0050,4
202,Po,84,118,0,,0+,EC,98.08,7,2809,25,44.6 M 4,2676.0,1.21 9,2.40 20,0,0,20.9 11,2.82 15,0,0,0,0,0,27.3 12,2755 25,2728 25,99.0 % 13,202Bi,e,CE N,40.36,9,,,3.4,3,0.00138,10
202,Po,84,118,0,,0+,EC,98.08,7,2809,25,44.6 M 4,2676.0,1.21 9,2.40 20,0,0,20.9 11,2.82 15,0,0,0,0,0,27.3 12,2755 25,2728 25,99.0 % 13,202Bi,e,CE O,41.22,9,,,0.70,5,2.89E-4,22
202,Po,84,118,0,,0+,EC,98.08,7,2809,25,44.6 M 4,2676.0,1.21 9,2.40 20,0,0,20.9 11,2.82 15,0,0,0,0,0,27.3 12,2755 25,2728 25,99.0 % 13,202Bi,e,CE P,41.30,9,,,0.083,6,3.4E-5,3