A,Element,Z,N,Parent E(level),Uncertainty,JPi,Decay Mode,Decay Mode Value,Decay Mode Uncertainty,Q Value,Q Value Uncertainty,T1/2 (txt),T1/2 (sec),Gammas Balance,X-Rays Balance,B- Balance,B+ Balance,Conversion Electrons Balance,Auger Electrons Balance,Neutrinos Balance,Recoil Balance,Neutrons Balance, Protons Balance,Alphas Balance,Sum Balance,Q-effective Balance,Missing Energy Balance,Ratio Balance,Daughter,Radiation,Rad subtype,Rad Energy,Uncertainty, EP Energy,Uncertainty,Rad Intensity,Uncertainty,Dose,Uncertainty
208,Bi,83,125,0.0,,5+,EC,100,,2878.4,20,3.68E+5 Y 4,1.16131968E13,2608.879,34.1 4,0,0,0,4.64 14,219.0 17,0,0,0,0,2866.6 18,2878.4 20,12 3,0.41 % 9,208Pb,g,XR l,10.6,,,,28.6,12,0.00304,12
208,Bi,83,125,0.0,,5+,EC,100,,2878.4,20,3.68E+5 Y 4,1.16131968E13,2608.879,34.1 4,0,0,0,4.64 14,219.0 17,0,0,0,0,2866.6 18,2878.4 20,12 3,0.41 % 9,208Pb,g,XR ka2,72.805,,,,11.9,3,0.00869,21
208,Bi,83,125,0.0,,5+,EC,100,,2878.4,20,3.68E+5 Y 4,1.16131968E13,2608.879,34.1 4,0,0,0,4.64 14,219.0 17,0,0,0,0,2866.6 18,2878.4 20,12 3,0.41 % 9,208Pb,g,XR ka1,74.969,,,,19.9,5,0.0149,3
208,Bi,83,125,0.0,,5+,EC,100,,2878.4,20,3.68E+5 Y 4,1.16131968E13,2608.879,34.1 4,0,0,0,4.64 14,219.0 17,0,0,0,0,2866.6 18,2878.4 20,12 3,0.41 % 9,208Pb,g,XR kb3,84.45,,,,2.40,6,0.00203,5
208,Bi,83,125,0.0,,5+,EC,100,,2878.4,20,3.68E+5 Y 4,1.16131968E13,2608.879,34.1 4,0,0,0,4.64 14,219.0 17,0,0,0,0,2866.6 18,2878.4 20,12 3,0.41 % 9,208Pb,g,XR kb1,84.938,,,,4.61,11,0.00392,9
208,Bi,83,125,0.0,,5+,EC,100,,2878.4,20,3.68E+5 Y 4,1.16131968E13,2608.879,34.1 4,0,0,0,4.64 14,219.0 17,0,0,0,0,2866.6 18,2878.4 20,12 3,0.41 % 9,208Pb,g,XR kb2,87.3,,,,1.69,4,0.00147,3
208,Bi,83,125,0.0,,5+,EC,100,,2878.4,20,3.68E+5 Y 4,1.16131968E13,2608.879,34.1 4,0,0,0,4.64 14,219.0 17,0,0,0,0,2866.6 18,2878.4 20,12 3,0.41 % 9,208Pb,g,,2614.5,,,,99.785,,2.609,
208,Bi,83,125,0.0,,5+,EC,100,,2878.4,20,3.68E+5 Y 4,1.16131968E13,2608.879,34.1 4,0,0,0,4.64 14,219.0 17,0,0,0,0,2866.6 18,2878.4 20,12 3,0.41 % 9,208Pb,e,Auger L,7.97,,,,46.9,12,0.00374,9
208,Bi,83,125,0.0,,5+,EC,100,,2878.4,20,3.68E+5 Y 4,1.16131968E13,2608.879,34.1 4,0,0,0,4.64 14,219.0 17,0,0,0,0,2866.6 18,2878.4 20,12 3,0.41 % 9,208Pb,e,Auger K,56.7,,,,1.59,17,9.0E-4,10