A,Element,Z,N,Parent E(level),Uncertainty,JPi,Decay Mode,Decay Mode Value,Decay Mode Uncertainty,Q Value,Q Value Uncertainty,T1/2 (txt),T1/2 (sec),Gammas Balance,X-Rays Balance,B- Balance,B+ Balance,Conversion Electrons Balance,Auger Electrons Balance,Neutrinos Balance,Recoil Balance,Neutrons Balance, Protons Balance,Alphas Balance,Sum Balance,Q-effective Balance,Missing Energy Balance,Ratio Balance,Daughter,Radiation,Rad subtype,Rad Energy,Uncertainty, EP Energy,Uncertainty,Rad Intensity,Uncertainty,Dose,Uncertainty
214,Fr,87,127,122,5,(8-),A,100,,8589,4,3.35 MS 5,0.00335,0,0,0,0,0,0,0,158.899,0,0,8501.107,8660.00637,8711 6,51 6,0.59 % 7,210At,a,,7341,8,,,0.05,,0.003671,
214,Fr,87,127,122,5,(8-),A,100,,8589,4,3.35 MS 5,0.00335,0,0,0,0,0,0,0,158.899,0,0,8501.107,8660.00637,8711 6,51 6,0.59 % 7,210At,a,,7591,15,,,0.5,,0.03796,
214,Fr,87,127,122,5,(8-),A,100,,8589,4,3.35 MS 5,0.00335,0,0,0,0,0,0,0,158.899,0,0,8501.107,8660.00637,8711 6,51 6,0.59 % 7,210At,a,,7715,5,,,1.1,,0.08487,
214,Fr,87,127,122,5,(8-),A,100,,8589,4,3.35 MS 5,0.00335,0,0,0,0,0,0,0,158.899,0,0,8501.107,8660.00637,8711 6,51 6,0.59 % 7,210At,a,,7963,5,,,0.7,,0.05574,
214,Fr,87,127,122,5,(8-),A,100,,8589,4,3.35 MS 5,0.00335,0,0,0,0,0,0,0,158.899,0,0,8501.107,8660.00637,8711 6,51 6,0.59 % 7,210At,a,,8046,5,,,0.9,,0.07241,
214,Fr,87,127,122,5,(8-),A,100,,8589,4,3.35 MS 5,0.00335,0,0,0,0,0,0,0,158.899,0,0,8501.107,8660.00637,8711 6,51 6,0.59 % 7,210At,a,,8478,5,,,50.9,,4.315,
214,Fr,87,127,122,5,(8-),A,100,,8589,4,3.35 MS 5,0.00335,0,0,0,0,0,0,0,158.899,0,0,8501.107,8660.00637,8711 6,51 6,0.59 % 7,210At,a,,8546,3,,,46,,3.9312,