A,Element,Z,N,Parent E(level),Uncertainty,JPi,Decay Mode,Decay Mode Value,Decay Mode Uncertainty,Q Value,Q Value Uncertainty,T1/2 (txt),T1/2 (sec),Gammas Balance,X-Rays Balance,B- Balance,B+ Balance,Conversion Electrons Balance,Auger Electrons Balance,Neutrinos Balance,Recoil Balance,Neutrons Balance, Protons Balance,Alphas Balance,Sum Balance,Q-effective Balance,Missing Energy Balance,Ratio Balance,Daughter,Radiation,Rad subtype,Rad Energy,Uncertainty, EP Energy,Uncertainty,Rad Intensity,Uncertainty,Dose,Uncertainty
215,Po,84,131,0.0,,9/2+,A,99.999770,20,7526.3,8,1.781 MS 4,0.001781,0,0,0,0,0,0,0,137.50 3,0,0,7390.7 14,7528.2 14,7526.3 8,-1.9 16,-0.025 % 21,211Pb,a,,6519,20,,,3.0E-4,3,1.96E-5,20
215,Po,84,131,0.0,,9/2+,A,99.999770,20,7526.3,8,1.781 MS 4,0.001781,0,0,0,0,0,0,0,137.50 3,0,0,7390.7 14,7528.2 14,7526.3 8,-1.9 16,-0.025 % 21,211Pb,a,,6589,8,,,0.0020,6,1.3E-4,4
215,Po,84,131,0.0,,9/2+,A,99.999770,20,7526.3,8,1.781 MS 4,0.001781,0,0,0,0,0,0,0,137.50 3,0,0,7390.7 14,7528.2 14,7526.3 8,-1.9 16,-0.025 % 21,211Pb,a,,6636,15,,,3.0E-4,3,1.99E-5,20
215,Po,84,131,0.0,,9/2+,A,99.999770,20,7526.3,8,1.781 MS 4,0.001781,0,0,0,0,0,0,0,137.50 3,0,0,7390.7 14,7528.2 14,7526.3 8,-1.9 16,-0.025 % 21,211Pb,a,,6671,10,,,8.E-4,3,5.3E-5,20
215,Po,84,131,0.0,,9/2+,A,99.999770,20,7526.3,8,1.781 MS 4,0.001781,0,0,0,0,0,0,0,137.50 3,0,0,7390.7 14,7528.2 14,7526.3 8,-1.9 16,-0.025 % 21,211Pb,a,,6754,10,,,8.E-4,3,5.4E-5,20
215,Po,84,131,0.0,,9/2+,A,99.999770,20,7526.3,8,1.781 MS 4,0.001781,0,0,0,0,0,0,0,137.50 3,0,0,7390.7 14,7528.2 14,7526.3 8,-1.9 16,-0.025 % 21,211Pb,a,,6802,8,,,0.0016,5,1.1E-4,3
215,Po,84,131,0.0,,9/2+,A,99.999770,20,7526.3,8,1.781 MS 4,0.001781,0,0,0,0,0,0,0,137.50 3,0,0,7390.7 14,7528.2 14,7526.3 8,-1.9 16,-0.025 % 21,211Pb,a,,6819,15,,,4.0E-4,20,2.7E-5,14
215,Po,84,131,0.0,,9/2+,A,99.999770,20,7526.3,8,1.781 MS 4,0.001781,0,0,0,0,0,0,0,137.50 3,0,0,7390.7 14,7528.2 14,7526.3 8,-1.9 16,-0.025 % 21,211Pb,a,,6954,3,,,0.060,20,0.0042,14
215,Po,84,131,0.0,,9/2+,A,99.999770,20,7526.3,8,1.781 MS 4,0.001781,0,0,0,0,0,0,0,137.50 3,0,0,7390.7 14,7528.2 14,7526.3 8,-1.9 16,-0.025 % 21,211Pb,a,,7386.1,8,,,99.999770,,7.3861,