A,Element,Z,N,Parent E(level),Uncertainty,JPi,Decay Mode,Decay Mode Value,Decay Mode Uncertainty,Q Value,Q Value Uncertainty,T1/2 (txt),T1/2 (sec),Gammas Balance,X-Rays Balance,B- Balance,B+ Balance,Conversion Electrons Balance,Auger Electrons Balance,Neutrinos Balance,Recoil Balance,Neutrons Balance, Protons Balance,Alphas Balance,Sum Balance,Q-effective Balance,Missing Energy Balance,Ratio Balance,Daughter,Radiation,Rad subtype,Rad Energy,Uncertainty, EP Energy,Uncertainty,Rad Intensity,Uncertainty,Dose,Uncertainty
216,Ac,89,127,0.0,,(1-),A,100,,9235,6,440 US 16,4.3999999999999996E-4,0,0,0,0,0,0,0,165.5 19,0,0,8.94E+3 10,9.10E+3 10,9235 6,1.3E+2 10,1.5 % 11,212Fr,a,,7758,6,,,0.011,3,8.5E-4,23
216,Ac,89,127,0.0,,(1-),A,100,,9235,6,440 US 16,4.3999999999999996E-4,0,0,0,0,0,0,0,165.5 19,0,0,8.94E+3 10,9.10E+3 10,9235 6,1.3E+2 10,1.5 % 11,212Fr,a,,7846,15,,,0.016,3,0.00126,24
216,Ac,89,127,0.0,,(1-),A,100,,9235,6,440 US 16,4.3999999999999996E-4,0,0,0,0,0,0,0,165.5 19,0,0,8.94E+3 10,9.10E+3 10,9235 6,1.3E+2 10,1.5 % 11,212Fr,a,,7892,10,,,0.0210,20,0.00166,16
216,Ac,89,127,0.0,,(1-),A,100,,9235,6,440 US 16,4.3999999999999996E-4,0,0,0,0,0,0,0,165.5 19,0,0,8.94E+3 10,9.10E+3 10,9235 6,1.3E+2 10,1.5 % 11,212Fr,a,,8187,5,,,0.740,20,0.0606,16
216,Ac,89,127,0.0,,(1-),A,100,,9235,6,440 US 16,4.3999999999999996E-4,0,0,0,0,0,0,0,165.5 19,0,0,8.94E+3 10,9.10E+3 10,9235 6,1.3E+2 10,1.5 % 11,212Fr,a,,8270,5,,,1.40,7,0.116,6
216,Ac,89,127,0.0,,(1-),A,100,,9235,6,440 US 16,4.3999999999999996E-4,0,0,0,0,0,0,0,165.5 19,0,0,8.94E+3 10,9.10E+3 10,9235 6,1.3E+2 10,1.5 % 11,212Fr,a,,8346,7,,,0.05,5,0.004,4
216,Ac,89,127,0.0,,(1-),A,100,,9235,6,440 US 16,4.3999999999999996E-4,0,0,0,0,0,0,0,165.5 19,0,0,8.94E+3 10,9.10E+3 10,9235 6,1.3E+2 10,1.5 % 11,212Fr,a,,8616,6,,,0.23,5,0.020,4
216,Ac,89,127,0.0,,(1-),A,100,,9235,6,440 US 16,4.3999999999999996E-4,0,0,0,0,0,0,0,165.5 19,0,0,8.94E+3 10,9.10E+3 10,9235 6,1.3E+2 10,1.5 % 11,212Fr,a,,9029,7,,,48.8,10,4.41,9
216,Ac,89,127,0.0,,(1-),A,100,,9235,6,440 US 16,4.3999999999999996E-4,0,0,0,0,0,0,0,165.5 19,0,0,8.94E+3 10,9.10E+3 10,9235 6,1.3E+2 10,1.5 % 11,212Fr,a,,9105,7,,,47.5,5,4.32,5