A,Element,Z,N,Parent E(level),Uncertainty,JPi,Decay Mode,Decay Mode Value,Decay Mode Uncertainty,Q Value,Q Value Uncertainty,T1/2 (txt),T1/2 (sec),Gammas Balance,X-Rays Balance,B- Balance,B+ Balance,Conversion Electrons Balance,Auger Electrons Balance,Neutrinos Balance,Recoil Balance,Neutrons Balance, Protons Balance,Alphas Balance,Sum Balance,Q-effective Balance,Missing Energy Balance,Ratio Balance,Daughter,Radiation,Rad subtype,Rad Energy,Uncertainty, EP Energy,Uncertainty,Rad Intensity,Uncertainty,Dose,Uncertainty
242,Am,95,147,48.603,9,5-,IT,99.550,10,,,141 Y 2,4.4496216E9,6.906E-5,3.64 15,0,0,34.717,2.32 11,0,0,0,0,0,40.67 19,48.384 10,7.71 19,15.9 % 4,242Am,g,XR l,14.6,,,,24.9,10,0.00364,15
242,Am,95,147,48.603,9,5-,IT,99.550,10,,,141 Y 2,4.4496216E9,6.906E-5,3.64 15,0,0,34.717,2.32 11,0,0,0,0,0,40.67 19,48.384 10,7.71 19,15.9 % 4,242Am,g,,48.63,5,,,1.420E-4,,6.91E-8,
242,Am,95,147,48.603,9,5-,IT,99.550,10,,,141 Y 2,4.4496216E9,6.906E-5,3.64 15,0,0,34.717,2.32 11,0,0,0,0,0,40.67 19,48.384 10,7.71 19,15.9 % 4,242Am,e,Auger L,10.5,,,,22.1,10,0.00232,11
242,Am,95,147,48.603,9,5-,IT,99.550,10,,,141 Y 2,4.4496216E9,6.906E-5,3.64 15,0,0,34.717,2.32 11,0,0,0,0,0,40.67 19,48.384 10,7.71 19,15.9 % 4,242Am,e,CE L,24.82,5,,,47.0,,0.0117,
242,Am,95,147,48.603,9,5-,IT,99.550,10,,,141 Y 2,4.4496216E9,6.906E-5,3.64 15,0,0,34.717,2.32 11,0,0,0,0,0,40.67 19,48.384 10,7.71 19,15.9 % 4,242Am,e,CE M,42.51,5,,,37.6,,0.0160,
242,Am,95,147,48.603,9,5-,IT,99.550,10,,,141 Y 2,4.4496216E9,6.906E-5,3.64 15,0,0,34.717,2.32 11,0,0,0,0,0,40.67 19,48.384 10,7.71 19,15.9 % 4,242Am,e,CE N,47.01,5,,,11.9,,0.00561,
242,Am,95,147,48.603,9,5-,IT,99.550,10,,,141 Y 2,4.4496216E9,6.906E-5,3.64 15,0,0,34.717,2.32 11,0,0,0,0,0,40.67 19,48.384 10,7.71 19,15.9 % 4,242Am,e,CE O,48.47,5,,,2.71,,0.00131,
242,Am,95,147,48.603,9,5-,IT,99.550,10,,,141 Y 2,4.4496216E9,6.906E-5,3.64 15,0,0,34.717,2.32 11,0,0,0,0,0,40.67 19,48.384 10,7.71 19,15.9 % 4,242Am,e,CE P,48.61,5,,,0.269,,1.31E-4,