A,Element,Z,N,Parent E(level),Uncertainty,JPi,Decay Mode,Decay Mode Value,Decay Mode Uncertainty,Q Value,Q Value Uncertainty,T1/2 (txt),T1/2 (sec),Gammas Balance,X-Rays Balance,B- Balance,B+ Balance,Conversion Electrons Balance,Auger Electrons Balance,Neutrinos Balance,Recoil Balance,Neutrons Balance, Protons Balance,Alphas Balance,Sum Balance,Q-effective Balance,Missing Energy Balance,Ratio Balance,Daughter,Radiation,Rad subtype,Rad Energy,Uncertainty, EP Energy,Uncertainty,Rad Intensity,Uncertainty,Dose,Uncertainty
250,Cf,98,152,0,,0+,A,99.973,,6128.44,19,13.08 Y 9,4.12773408E8,0.00698 4,0,0,0,0,0,0,96.34 15,0,0,6021 9,6118 9,6126.79 19,9 9,0.15 % 15,246Cm,g,,42.852,5,,,0.01630,10,6.98E-6,4
250,Cf,98,152,0,,0+,A,99.973,,6128.44,19,13.08 Y 9,4.12773408E8,0.00698 4,0,0,0,0,0,0,96.34 15,0,0,6021 9,6118 9,6126.79 19,9 9,0.15 % 15,246Cm,a,,5742,3,,,0.0070,20,4.0E-4,11
250,Cf,98,152,0,,0+,A,99.973,,6128.44,19,13.08 Y 9,4.12773408E8,0.00698 4,0,0,0,0,0,0,96.34 15,0,0,6021 9,6118 9,6126.79 19,9 9,0.15 % 15,246Cm,a,,5891,3,,,0.283,15,0.0167,9
250,Cf,98,152,0,,0+,A,99.973,,6128.44,19,13.08 Y 9,4.12773408E8,0.00698 4,0,0,0,0,0,0,96.34 15,0,0,6021 9,6118 9,6126.79 19,9 9,0.15 % 15,246Cm,a,,5989.9,6,,,17.11,11,1.025,7
250,Cf,98,152,0,,0+,A,99.973,,6128.44,19,13.08 Y 9,4.12773408E8,0.00698 4,0,0,0,0,0,0,96.34 15,0,0,6021 9,6118 9,6126.79 19,9 9,0.15 % 15,246Cm,a,,6030.22,20,,,82.58,11,4.980,7