A,Element,Z,N,Parent E(level),Uncertainty,JPi,Decay Mode,Decay Mode Value,Decay Mode Uncertainty,Q Value,Q Value Uncertainty,T1/2 (txt),T1/2 (sec),Gammas Balance,X-Rays Balance,B- Balance,B+ Balance,Conversion Electrons Balance,Auger Electrons Balance,Neutrinos Balance,Recoil Balance,Neutrons Balance, Protons Balance,Alphas Balance,Sum Balance,Q-effective Balance,Missing Energy Balance,Ratio Balance,Daughter,Radiation,Rad subtype,Rad Energy,Uncertainty, EP Energy,Uncertainty,Rad Intensity,Uncertainty,Dose,Uncertainty
252,Cf,98,154,0.0,,0+,A,96.908,8,6216.87,4,2.645 Y 8,8.3469852E7,0.020 6,0,0,0,0,0,0,93.4 9,0,0,5.88E+3 6,5.98E+3 6,6024.6 5,5.E+1 6,0.8 % 10,248Cm,g,,43.399,25,,,0.0148,9,6.4E-6,4
252,Cf,98,154,0.0,,0+,A,96.908,8,6216.87,4,2.645 Y 8,8.3469852E7,0.020 6,0,0,0,0,0,0,93.4 9,0,0,5.88E+3 6,5.98E+3 6,6024.6 5,5.E+1 6,0.8 % 10,248Cm,g,,100.2,4,,,0.013,6,1.3E-5,6
252,Cf,98,154,0.0,,0+,A,96.908,8,6216.87,4,2.645 Y 8,8.3469852E7,0.020 6,0,0,0,0,0,0,93.4 9,0,0,5.88E+3 6,5.98E+3 6,6024.6 5,5.E+1 6,0.8 % 10,248Cm,g,,155.1,2,,,5.2330E-4,,8.116E-7,
252,Cf,98,154,0.0,,0+,A,96.908,8,6216.87,4,2.645 Y 8,8.3469852E7,0.020 6,0,0,0,0,0,0,93.4 9,0,0,5.88E+3 6,5.98E+3 6,6024.6 5,5.E+1 6,0.8 % 10,248Cm,g,,207.4,2,,,2.9E-5,3,6.0E-8,6
252,Cf,98,154,0.0,,0+,A,96.908,8,6216.87,4,2.645 Y 8,8.3469852E7,0.020 6,0,0,0,0,0,0,93.4 9,0,0,5.88E+3 6,5.98E+3 6,6024.6 5,5.E+1 6,0.8 % 10,248Cm,a,,5616,,,,5.8E-5,6,3.3E-6,3
252,Cf,98,154,0.0,,0+,A,96.908,8,6216.87,4,2.645 Y 8,8.3469852E7,0.020 6,0,0,0,0,0,0,93.4 9,0,0,5.88E+3 6,5.98E+3 6,6024.6 5,5.E+1 6,0.8 % 10,248Cm,a,,5826.3,,,,0.00193816,,1.12923E-4,
252,Cf,98,154,0.0,,0+,A,96.908,8,6216.87,4,2.645 Y 8,8.3469852E7,0.020 6,0,0,0,0,0,0,93.4 9,0,0,5.88E+3 6,5.98E+3 6,6024.6 5,5.E+1 6,0.8 % 10,248Cm,a,,5976.6,,,,0.24,12,0.014,7
252,Cf,98,154,0.0,,0+,A,96.908,8,6216.87,4,2.645 Y 8,8.3469852E7,0.020 6,0,0,0,0,0,0,93.4 9,0,0,5.88E+3 6,5.98E+3 6,6024.6 5,5.E+1 6,0.8 % 10,248Cm,a,,6075.64,11,,,14.5,9,0.88,5
252,Cf,98,154,0.0,,0+,A,96.908,8,6216.87,4,2.645 Y 8,8.3469852E7,0.020 6,0,0,0,0,0,0,93.4 9,0,0,5.88E+3 6,5.98E+3 6,6024.6 5,5.E+1 6,0.8 % 10,248Cm,a,,6118.10,4,,,81.5,4,4.986,24