A,Element,Z,N,Parent E(level),Uncertainty,JPi,Decay Mode,Decay Mode Value,Decay Mode Uncertainty,Q Value,Q Value Uncertainty,T1/2 (txt),T1/2 (sec),Gammas Balance,X-Rays Balance,B- Balance,B+ Balance,Conversion Electrons Balance,Auger Electrons Balance,Neutrinos Balance,Recoil Balance,Neutrons Balance, Protons Balance,Alphas Balance,Sum Balance,Q-effective Balance,Missing Energy Balance,Ratio Balance,Daughter,Radiation,Rad subtype,Rad Energy,Uncertainty, EP Energy,Uncertainty,Rad Intensity,Uncertainty,Dose,Uncertainty
249,Cm,96,153,0.0,,1/2+,B-,,,901,5,64.15 M 3,3849.0000000000005,0,0,271.28 16,0,0,0,598 5,0,0,0,0,869 5,-901 5,-1770 7,%,249Bk,bm,,65.0,15,240,5,0.37,3,2.41E-4,20
249,Cm,96,153,0.0,,1/2+,B-,,,901,5,64.15 M 3,3849.0000000000005,0,0,271.28 16,0,0,0,598 5,0,0,0,0,869 5,-901 5,-1770 7,%,249Bk,bm,,70.4,15,258,5,1.92,15,0.00135,11
249,Cm,96,153,0.0,,1/2+,B-,,,901,5,64.15 M 3,3849.0000000000005,0,0,271.28 16,0,0,0,598 5,0,0,0,0,869 5,-901 5,-1770 7,%,249Bk,bm,,92.5,16,332,5,1.04,8,9.6E-4,8
249,Cm,96,153,0.0,,1/2+,B-,,,901,5,64.15 M 3,3849.0000000000005,0,0,271.28 16,0,0,0,598 5,0,0,0,0,869 5,-901 5,-1770 7,%,249Bk,bm,,95.8,16,343,5,0.23,,2.20E-4,
249,Cm,96,153,0.0,,1/2+,B-,,,901,5,64.15 M 3,3849.0000000000005,0,0,271.28 16,0,0,0,598 5,0,0,0,0,869 5,-901 5,-1770 7,%,249Bk,bm,,149.1,17,512,5,0.0089,15,1.33E-5,22
249,Cm,96,153,0.0,,1/2+,B-,,,901,5,64.15 M 3,3849.0000000000005,0,0,271.28 16,0,0,0,598 5,0,0,0,0,869 5,-901 5,-1770 7,%,249Bk,bm,,152.9,17,523,5,0.49,5,7.5E-4,8
249,Cm,96,153,0.0,,1/2+,B-,,,901,5,64.15 M 3,3849.0000000000005,0,0,271.28 16,0,0,0,598 5,0,0,0,0,869 5,-901 5,-1770 7,%,249Bk,bm,,278.9,18,892,5,96,,0.2677,
249,Cm,96,153,0.0,,1/2+,B-,,,901,5,64.15 M 3,3849.0000000000005,0,0,271.28 16,0,0,0,598 5,0,0,0,0,869 5,-901 5,-1770 7,%,249Bk,bm av,,271.1,5,,,100.06,18,0.2713,7